query_product,query_category,model,reranking,rank,recommended_product,rec_category,rec_brand,similarity_score,rating,sold,trust_score,is_mall
"Đồng hồ Samsung Galaxy Fit3, Màn hình AMOLED 1,6"", Pin 13 ngày, Luyện ngủ ngon, Cảnh báo té ngã",Đồng hồ,TF-IDF,no,0,Đồng hồ đeo tay thông minh Samsung Galaxy Watch FE 2024,Đồng hồ,samsung,0.3779,5.0,1000,0.7,1
"Đồng hồ Samsung Galaxy Fit3, Màn hình AMOLED 1,6"", Pin 13 ngày, Luyện ngủ ngon, Cảnh báo té ngã",Đồng hồ,TF-IDF,no,0,"Đồng hồ thông minh Samsung Galaxy Watch8 40mm LTE, Galaxy AI, Đồng hồ mỏng nhất, Theo dõi sức khỏe toàn diện",Điện thoại,samsung,0.3649,5.0,38,0.7,1
"Đồng hồ Samsung Galaxy Fit3, Màn hình AMOLED 1,6"", Pin 13 ngày, Luyện ngủ ngon, Cảnh báo té ngã",Đồng hồ,TF-IDF,no,0,"Đồng hồ thông minh Samsung Galaxy Watch8, Galaxy AI, Đồng hồ mỏng nhất, Theo dõi sức khỏe toàn diện, 40mm & 44mm",Điện thoại,samsung,0.3622,5.0,49,0.7,1
"Đồng hồ Samsung Galaxy Fit3, Màn hình AMOLED 1,6"", Pin 13 ngày, Luyện ngủ ngon, Cảnh báo té ngã",Đồng hồ,TF-IDF,no,0,"Đồng hồ thông minh Samsung Galaxy Watch7, Galaxy AI, 44mm",Điện thoại,samsung,0.3547,5.0,174,0.7,1
"Đồng hồ Samsung Galaxy Fit3, Màn hình AMOLED 1,6"", Pin 13 ngày, Luyện ngủ ngon, Cảnh báo té ngã",Đồng hồ,TF-IDF,no,0,"Đồng hồ thông minh Samsung Galaxy Watch Ultra, Galaxy AI, thiết kế từ Titan, 47mm, LTE",Điện thoại,samsung,0.332,5.0,141,0.7,1
"Đồng hồ Samsung Galaxy Fit3, Màn hình AMOLED 1,6"", Pin 13 ngày, Luyện ngủ ngon, Cảnh báo té ngã",Đồng hồ,SBERT,no,0,Đồng hồ đeo tay thông minh Samsung Galaxy Watch FE 2024,Đồng hồ,samsung,0.8046,5.0,1000,0.7,1
"Đồng hồ Samsung Galaxy Fit3, Màn hình AMOLED 1,6"", Pin 13 ngày, Luyện ngủ ngon, Cảnh báo té ngã",Đồng hồ,SBERT,no,0,"Đồng hồ thông minh Samsung Galaxy Watch8, Galaxy AI, Đồng hồ mỏng nhất, Theo dõi sức khỏe toàn diện, 40mm & 44mm",Điện thoại,samsung,0.7726,5.0,49,0.7,1
"Đồng hồ Samsung Galaxy Fit3, Màn hình AMOLED 1,6"", Pin 13 ngày, Luyện ngủ ngon, Cảnh báo té ngã",Đồng hồ,SBERT,no,0,"Đồng hồ thông minh Samsung Galaxy Watch8 40mm LTE, Galaxy AI, Đồng hồ mỏng nhất, Theo dõi sức khỏe toàn diện",Điện thoại,samsung,0.7692,5.0,38,0.7,1
"Đồng hồ Samsung Galaxy Fit3, Màn hình AMOLED 1,6"", Pin 13 ngày, Luyện ngủ ngon, Cảnh báo té ngã",Đồng hồ,SBERT,no,0,"Đồng hồ thông minh Samsung Galaxy Watch7, Galaxy AI, 44mm",Điện thoại,samsung,0.7633,5.0,174,0.7,1
"Đồng hồ Samsung Galaxy Fit3, Màn hình AMOLED 1,6"", Pin 13 ngày, Luyện ngủ ngon, Cảnh báo té ngã",Đồng hồ,SBERT,no,0,"điện thoại 4G Samsung Galaxy Note 9 ram 6G/128G Chính Hãng, Chiến Game mượt, Chụp ảnh siêu đẹp -CMMF",Điện thoại,samsung,0.7385,4.91,50,0.55,0
"Đồng hồ Samsung Galaxy Fit3, Màn hình AMOLED 1,6"", Pin 13 ngày, Luyện ngủ ngon, Cảnh báo té ngã",Đồng hồ,PhoBERT,no,0,"Đồng hồ thông minh Samsung Galaxy Watch7, Galaxy AI, 44mm",Điện thoại,samsung,0.9584,5.0,174,0.7,1
"Đồng hồ Samsung Galaxy Fit3, Màn hình AMOLED 1,6"", Pin 13 ngày, Luyện ngủ ngon, Cảnh báo té ngã",Đồng hồ,PhoBERT,no,0,"Đồng hồ thông minh Samsung Galaxy Watch8, Galaxy AI, Đồng hồ mỏng nhất, Theo dõi sức khỏe toàn diện, 40mm & 44mm",Điện thoại,samsung,0.956,5.0,49,0.7,1
"Đồng hồ Samsung Galaxy Fit3, Màn hình AMOLED 1,6"", Pin 13 ngày, Luyện ngủ ngon, Cảnh báo té ngã",Đồng hồ,PhoBERT,no,0,"Điện thoại Samsung Galaxy A56 5G, Màn Hình FHD 6.7”, Mặt lưng kính, AI-Best Face, Camera giảm nhiễu ảnh chụp đêm, Sạc 45W",Điện thoại,samsung,0.9543,4.87,2400,0.8,1
"Đồng hồ Samsung Galaxy Fit3, Màn hình AMOLED 1,6"", Pin 13 ngày, Luyện ngủ ngon, Cảnh báo té ngã",Đồng hồ,PhoBERT,no,0,"Đồng hồ thông minh Samsung Galaxy Watch8 40mm LTE, Galaxy AI, Đồng hồ mỏng nhất, Theo dõi sức khỏe toàn diện",Điện thoại,samsung,0.9535,5.0,38,0.7,1
"Đồng hồ Samsung Galaxy Fit3, Màn hình AMOLED 1,6"", Pin 13 ngày, Luyện ngủ ngon, Cảnh báo té ngã",Đồng hồ,PhoBERT,no,0,"Điện thoại Samsung Galaxy A26 5G (8/128GB), Mặt lưng kính, AI-Circle to Search, Camera HDR chụp đêm sáng rõ",Điện thoại,samsung,0.9507,4.95,5100,0.8,1
"Đồng hồ Samsung Galaxy Fit3, Màn hình AMOLED 1,6"", Pin 13 ngày, Luyện ngủ ngon, Cảnh báo té ngã",Đồng hồ,Hybrid-SBERT,no,0,Đồng hồ đeo tay thông minh Samsung Galaxy Watch FE 2024,Đồng hồ,samsung,0.9834,5.0,1000,0.7,1
"Đồng hồ Samsung Galaxy Fit3, Màn hình AMOLED 1,6"", Pin 13 ngày, Luyện ngủ ngon, Cảnh báo té ngã",Đồng hồ,Hybrid-SBERT,no,0,"Đồng hồ thông minh Samsung Galaxy Watch8 40mm LTE, Galaxy AI, Đồng hồ mỏng nhất, Theo dõi sức khỏe toàn diện",Điện thoại,samsung,0.9595,5.0,38,0.7,1
"Đồng hồ Samsung Galaxy Fit3, Màn hình AMOLED 1,6"", Pin 13 ngày, Luyện ngủ ngon, Cảnh báo té ngã",Đồng hồ,Hybrid-SBERT,no,0,"Đồng hồ thông minh Samsung Galaxy Watch8, Galaxy AI, Đồng hồ mỏng nhất, Theo dõi sức khỏe toàn diện, 40mm & 44mm",Điện thoại,samsung,0.9595,5.0,49,0.7,1
"Đồng hồ Samsung Galaxy Fit3, Màn hình AMOLED 1,6"", Pin 13 ngày, Luyện ngủ ngon, Cảnh báo té ngã",Đồng hồ,Hybrid-SBERT,no,0,"Đồng hồ thông minh Samsung Galaxy Watch7, Galaxy AI, 44mm",Điện thoại,samsung,0.9366,5.0,174,0.7,1
"Đồng hồ Samsung Galaxy Fit3, Màn hình AMOLED 1,6"", Pin 13 ngày, Luyện ngủ ngon, Cảnh báo té ngã",Đồng hồ,Hybrid-SBERT,no,0,"Đồng hồ thông minh Samsung Galaxy Watch Ultra, Galaxy AI, thiết kế từ Titan, 47mm, LTE",Điện thoại,samsung,0.9012,5.0,141,0.7,1
"Đồng hồ Samsung Galaxy Fit3, Màn hình AMOLED 1,6"", Pin 13 ngày, Luyện ngủ ngon, Cảnh báo té ngã",Đồng hồ,Hybrid-PhoBERT,no,0,"Đồng hồ thông minh Samsung Galaxy Watch7, Galaxy AI, 44mm",Điện thoại,samsung,0.96,5.0,174,0.7,1
"Đồng hồ Samsung Galaxy Fit3, Màn hình AMOLED 1,6"", Pin 13 ngày, Luyện ngủ ngon, Cảnh báo té ngã",Đồng hồ,Hybrid-PhoBERT,no,0,"Đồng hồ thông minh Samsung Galaxy Watch8, Galaxy AI, Đồng hồ mỏng nhất, Theo dõi sức khỏe toàn diện, 40mm & 44mm",Điện thoại,samsung,0.9595,5.0,49,0.7,1
"Đồng hồ Samsung Galaxy Fit3, Màn hình AMOLED 1,6"", Pin 13 ngày, Luyện ngủ ngon, Cảnh báo té ngã",Đồng hồ,Hybrid-PhoBERT,no,0,"Đồng hồ thông minh Samsung Galaxy Watch8 40mm LTE, Galaxy AI, Đồng hồ mỏng nhất, Theo dõi sức khỏe toàn diện",Điện thoại,samsung,0.9519,5.0,38,0.7,1
"Đồng hồ Samsung Galaxy Fit3, Màn hình AMOLED 1,6"", Pin 13 ngày, Luyện ngủ ngon, Cảnh báo té ngã",Đồng hồ,Hybrid-PhoBERT,no,0,"Đồng hồ thông minh Samsung Galaxy Watch Ultra, Galaxy AI, thiết kế từ Titan, 47mm, LTE",Điện thoại,samsung,0.9148,5.0,141,0.7,1
"Đồng hồ Samsung Galaxy Fit3, Màn hình AMOLED 1,6"", Pin 13 ngày, Luyện ngủ ngon, Cảnh báo té ngã",Đồng hồ,Hybrid-PhoBERT,no,0,"Điện thoại Samsung Galaxy S24 Ultra, Điện thoại AI, Camera 200MP, Màn hình lớn 6.8""",Điện thoại,samsung,0.8565,5.0,5400,0.7,1
iPhone 13 - Hàng Chính Hãng VN/A,Điện thoại,TF-IDF,no,0,Apple iPhone 13 128GB Chính Hãng (VN/A),Điện thoại,apple,0.3677,5.0,396,0.7,1
iPhone 13 - Hàng Chính Hãng VN/A,Điện thoại,TF-IDF,no,0,Apple iPhone 15 128GB Chính hãng (VN/A),Điện thoại,apple,0.3567,4.89,203,0.75,1
iPhone 13 - Hàng Chính Hãng VN/A,Điện thoại,TF-IDF,no,0,iPhone 15 128GB Chính Hãng VN/A,Điện thoại,apple,0.35,5.0,114,0.7,1
iPhone 13 - Hàng Chính Hãng VN/A,Điện thoại,TF-IDF,no,0,Apple iPhone 14 128GB Chính Hãng (VN/A),Điện thoại,apple,0.3419,5.0,154,0.7,1
iPhone 13 - Hàng Chính Hãng VN/A,Điện thoại,TF-IDF,no,0,Điện thoại Apple iPhone 17 Pro Max - Hàng Chính Hãng ZP/A,Điện thoại,apple,0.3147,4.95,2300,0.95,1
iPhone 13 - Hàng Chính Hãng VN/A,Điện thoại,SBERT,no,0,Điện thoại Apple iPhone 16 Plus - Hàng Chính Hãng VN/A,Điện thoại,apple,0.899,4.98,895,0.85,1
iPhone 13 - Hàng Chính Hãng VN/A,Điện thoại,SBERT,no,0,Apple iPhone 13 128GB Chính Hãng (VN/A),Điện thoại,apple,0.8964,5.0,396,0.7,1
iPhone 13 - Hàng Chính Hãng VN/A,Điện thoại,SBERT,no,0,Apple iPhone 15 128GB Chính hãng (VN/A),Điện thoại,apple,0.8919,4.89,203,0.75,1
iPhone 13 - Hàng Chính Hãng VN/A,Điện thoại,SBERT,no,0,Điện thoại Apple iPhone 16 - Hàng Chính Hãng VN/A,Điện thoại,apple,0.8877,4.93,883,0.85,1
iPhone 13 - Hàng Chính Hãng VN/A,Điện thoại,SBERT,no,0,Apple iPhone 14 128GB Chính hãng (VN/A),Điện thoại,apple,0.886,5.0,87,0.7,1
iPhone 13 - Hàng Chính Hãng VN/A,Điện thoại,PhoBERT,no,0,Điện thoại Apple iPhone Air - Hàng Chính Hãng ZP/A,Điện thoại,apple,0.9529,5.0,90,0.75,1
iPhone 13 - Hàng Chính Hãng VN/A,Điện thoại,PhoBERT,no,0,Apple iPhone 15 128GB Chính hãng (VN/A),Điện thoại,apple,0.9528,4.89,203,0.75,1
iPhone 13 - Hàng Chính Hãng VN/A,Điện thoại,PhoBERT,no,0,Điện thoại Apple iPhone 17 - Hàng Chính Hãng ZP/A,Điện thoại,apple,0.9525,4.92,364,0.8,1
iPhone 13 - Hàng Chính Hãng VN/A,Điện thoại,PhoBERT,no,0,Điện thoại Apple iPhone 16 Plus - Hàng Chính Hãng VN/A,Điện thoại,apple,0.9489,4.98,895,0.85,1
iPhone 13 - Hàng Chính Hãng VN/A,Điện thoại,PhoBERT,no,0,Điện thoại Apple iPhone 16 - Hàng Chính Hãng VN/A,Điện thoại,apple,0.9486,4.93,883,0.85,1
iPhone 13 - Hàng Chính Hãng VN/A,Điện thoại,Hybrid-SBERT,no,0,Apple iPhone 13 128GB Chính Hãng (VN/A),Điện thoại,apple,0.9753,5.0,396,0.7,1
iPhone 13 - Hàng Chính Hãng VN/A,Điện thoại,Hybrid-SBERT,no,0,Apple iPhone 15 128GB Chính hãng (VN/A),Điện thoại,apple,0.9595,4.89,203,0.75,1
iPhone 13 - Hàng Chính Hãng VN/A,Điện thoại,Hybrid-SBERT,no,0,iPhone 15 128GB Chính Hãng VN/A,Điện thoại,apple,0.9228,5.0,114,0.7,1
iPhone 13 - Hàng Chính Hãng VN/A,Điện thoại,Hybrid-SBERT,no,0,Apple iPhone 14 128GB Chính Hãng (VN/A),Điện thoại,apple,0.9086,5.0,154,0.7,1
iPhone 13 - Hàng Chính Hãng VN/A,Điện thoại,Hybrid-SBERT,no,0,Điện thoại Apple iPhone 17 - Hàng Chính Hãng ZP/A,Điện thoại,apple,0.9008,4.92,364,0.8,1
iPhone 13 - Hàng Chính Hãng VN/A,Điện thoại,Hybrid-PhoBERT,no,0,Apple iPhone 15 128GB Chính hãng (VN/A),Điện thoại,apple,0.9673,4.89,203,0.75,1
iPhone 13 - Hàng Chính Hãng VN/A,Điện thoại,Hybrid-PhoBERT,no,0,Điện thoại Apple iPhone Air - Hàng Chính Hãng ZP/A,Điện thoại,apple,0.9456,5.0,90,0.75,1
iPhone 13 - Hàng Chính Hãng VN/A,Điện thoại,Hybrid-PhoBERT,no,0,Điện thoại Apple iPhone 17 - Hàng Chính Hãng ZP/A,Điện thoại,apple,0.9228,4.92,364,0.8,1
iPhone 13 - Hàng Chính Hãng VN/A,Điện thoại,Hybrid-PhoBERT,no,0,Điện thoại Apple iPhone 17 Pro Max - Hàng Chính Hãng ZP/A,Điện thoại,apple,0.8823,4.95,2300,0.95,1
iPhone 13 - Hàng Chính Hãng VN/A,Điện thoại,Hybrid-PhoBERT,no,0,Điện thoại Apple iPhone 16 - Hàng Chính Hãng VN/A,Điện thoại,apple,0.8705,4.93,883,0.85,1
Máy Tính Bảng Viết LCD 12 Inch Bảng Vẽ Kỹ Thuật Số Điện Tử Bảng Viết Xóa Được Xóa Một Cú Nhấp Chuột Kèm Nút Khóa Quà Tặng Cho Trẻ Em Người Lớn Tại Nhà Văn Phòng Trường Học,Máy tính bảng,TF-IDF,no,0,Máy Tính Bảng Viết LCD 12 Inch Bảng Vẽ Kỹ Thuật Số Điện Tử Bảng Viết Xóa Được Màn Hình Màu Xóa Một Cú Nhấp Chuột Kèm Nút Khóa Quà Tặng Cho Trẻ Em Người Lớn Tại Nhà Văn Phòng Trường Học,Máy tính bảng,other,0.8296,5.0,0,0.5,0
Máy Tính Bảng Viết LCD 12 Inch Bảng Vẽ Kỹ Thuật Số Điện Tử Bảng Viết Xóa Được Xóa Một Cú Nhấp Chuột Kèm Nút Khóa Quà Tặng Cho Trẻ Em Người Lớn Tại Nhà Văn Phòng Trường Học,Máy tính bảng,TF-IDF,no,0,"Máy Tính Có Thể Gập Lại & Máy Tính Bảng Viết LCD 6 Inch Bảng Vẽ Kỹ Thuật Số, Màn Hình 12 Chữ Số Với Bút Cảm Ứng Nút Xóa Dành Cho Trẻ Em Người Lớn Sử Dụng Tại Nhà Văn Phòng Trường Học",Bút cảm ứng,other,0.5251,5.0,8,0.5,0
Máy Tính Bảng Viết LCD 12 Inch Bảng Vẽ Kỹ Thuật Số Điện Tử Bảng Viết Xóa Được Xóa Một Cú Nhấp Chuột Kèm Nút Khóa Quà Tặng Cho Trẻ Em Người Lớn Tại Nhà Văn Phòng Trường Học,Máy tính bảng,TF-IDF,no,0,Máy tính bảng viết LCD cho người lớn xóa được 10 inch toàn màn hình Bảng vẽ cho các văn bản,Máy tính bảng,other,0.3639,5.0,0,0.5,0
Máy Tính Bảng Viết LCD 12 Inch Bảng Vẽ Kỹ Thuật Số Điện Tử Bảng Viết Xóa Được Xóa Một Cú Nhấp Chuột Kèm Nút Khóa Quà Tặng Cho Trẻ Em Người Lớn Tại Nhà Văn Phòng Trường Học,Máy tính bảng,TF-IDF,no,0,Máy tính bảng vẽ điện tử thông minh tự xóa - Bản vẽ LCD - Trẻ em thông minh 12 inch,Máy tính bảng,other,0.3161,5.0,85,0.5,0
Máy Tính Bảng Viết LCD 12 Inch Bảng Vẽ Kỹ Thuật Số Điện Tử Bảng Viết Xóa Được Xóa Một Cú Nhấp Chuột Kèm Nút Khóa Quà Tặng Cho Trẻ Em Người Lớn Tại Nhà Văn Phòng Trường Học,Máy tính bảng,TF-IDF,no,0,Garosa Máy tính bảng viết LCD 10 1 inch Bảng vẽ Doodle Bảng chữ viết tay dành cho doanh nghiệp có vỏ PU Bút cảm ứng từ tính cho văn phòng Doanh nhân trẻ mới biết đi Quà tặng đồ chơi giáo dục và học tập cho bé trai và bé gái,Bút cảm ứng,other,0.2728,5.0,0,0.5,0
Máy Tính Bảng Viết LCD 12 Inch Bảng Vẽ Kỹ Thuật Số Điện Tử Bảng Viết Xóa Được Xóa Một Cú Nhấp Chuột Kèm Nút Khóa Quà Tặng Cho Trẻ Em Người Lớn Tại Nhà Văn Phòng Trường Học,Máy tính bảng,SBERT,no,0,Máy Tính Bảng Viết LCD 12 Inch Bảng Vẽ Kỹ Thuật Số Điện Tử Bảng Viết Xóa Được Màn Hình Màu Xóa Một Cú Nhấp Chuột Kèm Nút Khóa Quà Tặng Cho Trẻ Em Người Lớn Tại Nhà Văn Phòng Trường Học,Máy tính bảng,other,0.9744,5.0,0,0.5,0
Máy Tính Bảng Viết LCD 12 Inch Bảng Vẽ Kỹ Thuật Số Điện Tử Bảng Viết Xóa Được Xóa Một Cú Nhấp Chuột Kèm Nút Khóa Quà Tặng Cho Trẻ Em Người Lớn Tại Nhà Văn Phòng Trường Học,Máy tính bảng,SBERT,no,0,"Máy Tính Có Thể Gập Lại & Máy Tính Bảng Viết LCD 6 Inch Bảng Vẽ Kỹ Thuật Số, Màn Hình 12 Chữ Số Với Bút Cảm Ứng Nút Xóa Dành Cho Trẻ Em Người Lớn Sử Dụng Tại Nhà Văn Phòng Trường Học",Bút cảm ứng,other,0.9254,5.0,8,0.5,0
Máy Tính Bảng Viết LCD 12 Inch Bảng Vẽ Kỹ Thuật Số Điện Tử Bảng Viết Xóa Được Xóa Một Cú Nhấp Chuột Kèm Nút Khóa Quà Tặng Cho Trẻ Em Người Lớn Tại Nhà Văn Phòng Trường Học,Máy tính bảng,SBERT,no,0,BIGHSM Máy Tính Khoa Học Với Văn Bản Vẽ Máy Tính Bảng Xách Tay 12 Chữ Số LCD Lớn Hiển Thị Máy Tính Cho Toán Học Văn Phòng Dự Thảo Bản Ghi Nhớ,Máy tính bảng,other,0.8226,5.0,0,0.5,0
Máy Tính Bảng Viết LCD 12 Inch Bảng Vẽ Kỹ Thuật Số Điện Tử Bảng Viết Xóa Được Xóa Một Cú Nhấp Chuột Kèm Nút Khóa Quà Tặng Cho Trẻ Em Người Lớn Tại Nhà Văn Phòng Trường Học,Máy tính bảng,SBERT,no,0,Garosa Máy tính bảng viết LCD 10 1 inch Bảng vẽ Doodle Bảng chữ viết tay dành cho doanh nghiệp có vỏ PU Bút cảm ứng từ tính cho văn phòng Doanh nhân trẻ mới biết đi Quà tặng đồ chơi giáo dục và học tập cho bé trai và bé gái,Bút cảm ứng,other,0.8217,5.0,0,0.5,0
Máy Tính Bảng Viết LCD 12 Inch Bảng Vẽ Kỹ Thuật Số Điện Tử Bảng Viết Xóa Được Xóa Một Cú Nhấp Chuột Kèm Nút Khóa Quà Tặng Cho Trẻ Em Người Lớn Tại Nhà Văn Phòng Trường Học,Máy tính bảng,SBERT,no,0,E-WOITD Máy Tính Khoa Học Với Văn Bản Vẽ Máy Tính Bảng Xách Tay 12 Chữ Số LCD Lớn Hiển Thị Máy Tính Cho Toán Học Văn Phòng Dự Thảo Bản Ghi Nhớ,Máy tính bảng,other,0.815,5.0,0,0.5,0
Máy Tính Bảng Viết LCD 12 Inch Bảng Vẽ Kỹ Thuật Số Điện Tử Bảng Viết Xóa Được Xóa Một Cú Nhấp Chuột Kèm Nút Khóa Quà Tặng Cho Trẻ Em Người Lớn Tại Nhà Văn Phòng Trường Học,Máy tính bảng,PhoBERT,no,0,Máy Tính Bảng Viết LCD 12 Inch Bảng Vẽ Kỹ Thuật Số Điện Tử Bảng Viết Xóa Được Màn Hình Màu Xóa Một Cú Nhấp Chuột Kèm Nút Khóa Quà Tặng Cho Trẻ Em Người Lớn Tại Nhà Văn Phòng Trường Học,Máy tính bảng,other,0.9561,5.0,0,0.5,0
Máy Tính Bảng Viết LCD 12 Inch Bảng Vẽ Kỹ Thuật Số Điện Tử Bảng Viết Xóa Được Xóa Một Cú Nhấp Chuột Kèm Nút Khóa Quà Tặng Cho Trẻ Em Người Lớn Tại Nhà Văn Phòng Trường Học,Máy tính bảng,PhoBERT,no,0,BIGHSM Máy Tính Khoa Học Với Văn Bản Vẽ Máy Tính Bảng Xách Tay 12 Chữ Số LCD Lớn Hiển Thị Máy Tính Cho Toán Học Văn Phòng Dự Thảo Bản Ghi Nhớ,Máy tính bảng,other,0.9171,5.0,0,0.5,0
Máy Tính Bảng Viết LCD 12 Inch Bảng Vẽ Kỹ Thuật Số Điện Tử Bảng Viết Xóa Được Xóa Một Cú Nhấp Chuột Kèm Nút Khóa Quà Tặng Cho Trẻ Em Người Lớn Tại Nhà Văn Phòng Trường Học,Máy tính bảng,PhoBERT,no,0,E-WOITD Máy Tính Khoa Học Với Văn Bản Vẽ Máy Tính Bảng Xách Tay 12 Chữ Số LCD Lớn Hiển Thị Máy Tính Cho Toán Học Văn Phòng Dự Thảo Bản Ghi Nhớ,Máy tính bảng,other,0.9136,5.0,0,0.5,0
Máy Tính Bảng Viết LCD 12 Inch Bảng Vẽ Kỹ Thuật Số Điện Tử Bảng Viết Xóa Được Xóa Một Cú Nhấp Chuột Kèm Nút Khóa Quà Tặng Cho Trẻ Em Người Lớn Tại Nhà Văn Phòng Trường Học,Máy tính bảng,PhoBERT,no,0,"Máy Tính Có Thể Gập Lại & Máy Tính Bảng Viết LCD 6 Inch Bảng Vẽ Kỹ Thuật Số, Màn Hình 12 Chữ Số Với Bút Cảm Ứng Nút Xóa Dành Cho Trẻ Em Người Lớn Sử Dụng Tại Nhà Văn Phòng Trường Học",Bút cảm ứng,other,0.8828,5.0,8,0.5,0
Máy Tính Bảng Viết LCD 12 Inch Bảng Vẽ Kỹ Thuật Số Điện Tử Bảng Viết Xóa Được Xóa Một Cú Nhấp Chuột Kèm Nút Khóa Quà Tặng Cho Trẻ Em Người Lớn Tại Nhà Văn Phòng Trường Học,Máy tính bảng,PhoBERT,no,0,"Máy Tính Bảng Giáo Dục Sớm Thông Minh Cho Bé, Học Đọc Tiếng Việt, Đa Năng Như Điện Thoại Di Động",Điện thoại,other,0.8812,5.0,5,0.5,0
Máy Tính Bảng Viết LCD 12 Inch Bảng Vẽ Kỹ Thuật Số Điện Tử Bảng Viết Xóa Được Xóa Một Cú Nhấp Chuột Kèm Nút Khóa Quà Tặng Cho Trẻ Em Người Lớn Tại Nhà Văn Phòng Trường Học,Máy tính bảng,Hybrid-SBERT,no,0,Máy Tính Bảng Viết LCD 12 Inch Bảng Vẽ Kỹ Thuật Số Điện Tử Bảng Viết Xóa Được Màn Hình Màu Xóa Một Cú Nhấp Chuột Kèm Nút Khóa Quà Tặng Cho Trẻ Em Người Lớn Tại Nhà Văn Phòng Trường Học,Máy tính bảng,other,0.9834,5.0,0,0.5,0
Máy Tính Bảng Viết LCD 12 Inch Bảng Vẽ Kỹ Thuật Số Điện Tử Bảng Viết Xóa Được Xóa Một Cú Nhấp Chuột Kèm Nút Khóa Quà Tặng Cho Trẻ Em Người Lớn Tại Nhà Văn Phòng Trường Học,Máy tính bảng,Hybrid-SBERT,no,0,"Máy Tính Có Thể Gập Lại & Máy Tính Bảng Viết LCD 6 Inch Bảng Vẽ Kỹ Thuật Số, Màn Hình 12 Chữ Số Với Bút Cảm Ứng Nút Xóa Dành Cho Trẻ Em Người Lớn Sử Dụng Tại Nhà Văn Phòng Trường Học",Bút cảm ứng,other,0.9673,5.0,8,0.5,0
Máy Tính Bảng Viết LCD 12 Inch Bảng Vẽ Kỹ Thuật Số Điện Tử Bảng Viết Xóa Được Xóa Một Cú Nhấp Chuột Kèm Nút Khóa Quà Tặng Cho Trẻ Em Người Lớn Tại Nhà Văn Phòng Trường Học,Máy tính bảng,Hybrid-SBERT,no,0,Garosa Máy tính bảng viết LCD 10 1 inch Bảng vẽ Doodle Bảng chữ viết tay dành cho doanh nghiệp có vỏ PU Bút cảm ứng từ tính cho văn phòng Doanh nhân trẻ mới biết đi Quà tặng đồ chơi giáo dục và học tập cho bé trai và bé gái,Bút cảm ứng,other,0.9293,5.0,0,0.5,0
Máy Tính Bảng Viết LCD 12 Inch Bảng Vẽ Kỹ Thuật Số Điện Tử Bảng Viết Xóa Được Xóa Một Cú Nhấp Chuột Kèm Nút Khóa Quà Tặng Cho Trẻ Em Người Lớn Tại Nhà Văn Phòng Trường Học,Máy tính bảng,Hybrid-SBERT,no,0,Máy tính bảng viết LCD cho người lớn xóa được 10 inch toàn màn hình Bảng vẽ cho các văn bản,Máy tính bảng,other,0.9228,5.0,0,0.5,0
Máy Tính Bảng Viết LCD 12 Inch Bảng Vẽ Kỹ Thuật Số Điện Tử Bảng Viết Xóa Được Xóa Một Cú Nhấp Chuột Kèm Nút Khóa Quà Tặng Cho Trẻ Em Người Lớn Tại Nhà Văn Phòng Trường Học,Máy tính bảng,Hybrid-SBERT,no,0,BIGHSM Máy Tính Khoa Học Với Văn Bản Vẽ Máy Tính Bảng Xách Tay 12 Chữ Số LCD Lớn Hiển Thị Máy Tính Cho Toán Học Văn Phòng Dự Thảo Bản Ghi Nhớ,Máy tính bảng,other,0.9228,5.0,0,0.5,0
Máy Tính Bảng Viết LCD 12 Inch Bảng Vẽ Kỹ Thuật Số Điện Tử Bảng Viết Xóa Được Xóa Một Cú Nhấp Chuột Kèm Nút Khóa Quà Tặng Cho Trẻ Em Người Lớn Tại Nhà Văn Phòng Trường Học,Máy tính bảng,Hybrid-PhoBERT,no,0,Máy Tính Bảng Viết LCD 12 Inch Bảng Vẽ Kỹ Thuật Số Điện Tử Bảng Viết Xóa Được Màn Hình Màu Xóa Một Cú Nhấp Chuột Kèm Nút Khóa Quà Tặng Cho Trẻ Em Người Lớn Tại Nhà Văn Phòng Trường Học,Máy tính bảng,other,0.9834,5.0,0,0.5,0
Máy Tính Bảng Viết LCD 12 Inch Bảng Vẽ Kỹ Thuật Số Điện Tử Bảng Viết Xóa Được Xóa Một Cú Nhấp Chuột Kèm Nút Khóa Quà Tặng Cho Trẻ Em Người Lớn Tại Nhà Văn Phòng Trường Học,Máy tính bảng,Hybrid-PhoBERT,no,0,"Máy Tính Có Thể Gập Lại & Máy Tính Bảng Viết LCD 6 Inch Bảng Vẽ Kỹ Thuật Số, Màn Hình 12 Chữ Số Với Bút Cảm Ứng Nút Xóa Dành Cho Trẻ Em Người Lớn Sử Dụng Tại Nhà Văn Phòng Trường Học",Bút cảm ứng,other,0.9519,5.0,8,0.5,0
Máy Tính Bảng Viết LCD 12 Inch Bảng Vẽ Kỹ Thuật Số Điện Tử Bảng Viết Xóa Được Xóa Một Cú Nhấp Chuột Kèm Nút Khóa Quà Tặng Cho Trẻ Em Người Lớn Tại Nhà Văn Phòng Trường Học,Máy tính bảng,Hybrid-PhoBERT,no,0,BIGHSM Máy Tính Khoa Học Với Văn Bản Vẽ Máy Tính Bảng Xách Tay 12 Chữ Số LCD Lớn Hiển Thị Máy Tính Cho Toán Học Văn Phòng Dự Thảo Bản Ghi Nhớ,Máy tính bảng,other,0.9306,5.0,0,0.5,0
Máy Tính Bảng Viết LCD 12 Inch Bảng Vẽ Kỹ Thuật Số Điện Tử Bảng Viết Xóa Được Xóa Một Cú Nhấp Chuột Kèm Nút Khóa Quà Tặng Cho Trẻ Em Người Lớn Tại Nhà Văn Phòng Trường Học,Máy tính bảng,Hybrid-PhoBERT,no,0,E-WOITD Máy Tính Khoa Học Với Văn Bản Vẽ Máy Tính Bảng Xách Tay 12 Chữ Số LCD Lớn Hiển Thị Máy Tính Cho Toán Học Văn Phòng Dự Thảo Bản Ghi Nhớ,Máy tính bảng,other,0.9161,5.0,0,0.5,0
Máy Tính Bảng Viết LCD 12 Inch Bảng Vẽ Kỹ Thuật Số Điện Tử Bảng Viết Xóa Được Xóa Một Cú Nhấp Chuột Kèm Nút Khóa Quà Tặng Cho Trẻ Em Người Lớn Tại Nhà Văn Phòng Trường Học,Máy tính bảng,Hybrid-PhoBERT,no,0,2023 Mới Máy Tính Bảng X6 Pro 10.8 Inch 4K Toàn Màn Hình 12GB RAM + 512GB ROM Call Tablet Series 4G/5G WIFI Dual SIM Android 12.0 8800mah Type-C Máy Tính Bảng Học Tập Cho Trẻ Em Miễn Phí Vận Chuyển,Máy tính bảng,other,0.8634,4.7,128,0.6,0
"POCO C85 | Pin khủng 6000mAh (typ) | Lên đến 22 giờ xem video | Màn hình lớn 6.9""sống động | Tốc độ làm mới cao lên đến 120Hz | Sạc nhanh 33W | Pin đạt 50% sau 31 phút sạc | Vi xử lý tám nhân mạnh mẽ | Camera kép AI 50MP sắc nét",Điện thoại,TF-IDF,no,0,Điện thoại thông minh POCO X8 PRO| Pin cực lớn 6500mAh(typ) sạc nhanh 100W| Màn hình AMOLED 1.5K 120Hz,Điện thoại,xiaomi,0.3054,4.94,406,0.8,1
"POCO C85 | Pin khủng 6000mAh (typ) | Lên đến 22 giờ xem video | Màn hình lớn 6.9""sống động | Tốc độ làm mới cao lên đến 120Hz | Sạc nhanh 33W | Pin đạt 50% sau 31 phút sạc | Vi xử lý tám nhân mạnh mẽ | Camera kép AI 50MP sắc nét",Điện thoại,TF-IDF,no,0,Máy tính bảng Xiaomi Pad 8 (8+128GB|8+256GB)| Pin 9.200mAh (typ) siêu lớn| Màn hình 3.2K 144Hz siêu sắc nét| Vi xử lý Snapdragon 8s Gen 4,Máy tính bảng,xiaomi,0.2138,5.0,7,0.8,1
"POCO C85 | Pin khủng 6000mAh (typ) | Lên đến 22 giờ xem video | Màn hình lớn 6.9""sống động | Tốc độ làm mới cao lên đến 120Hz | Sạc nhanh 33W | Pin đạt 50% sau 31 phút sạc | Vi xử lý tám nhân mạnh mẽ | Camera kép AI 50MP sắc nét",Điện thoại,TF-IDF,no,0,Máy tính bảng Xiaomi Pad 7 (8+128GB | 8+256GB) | Màn hình 3.2K 144Hz siêu rõ nét | HyperAI | Vi xử lí Snapdragon® 7+ Gen 3 Mobile Platform,Máy tính bảng,xiaomi,0.2134,4.89,196,0.85,1
"POCO C85 | Pin khủng 6000mAh (typ) | Lên đến 22 giờ xem video | Màn hình lớn 6.9""sống động | Tốc độ làm mới cao lên đến 120Hz | Sạc nhanh 33W | Pin đạt 50% sau 31 phút sạc | Vi xử lý tám nhân mạnh mẽ | Camera kép AI 50MP sắc nét",Điện thoại,TF-IDF,no,0,Điện thoại vivo Y28 (8GB+256GB) - Chính hãng - 1 Đổi 1 tháng đầu tiên - Bảo hành 12 tháng,Điện thoại,vivo,0.2127,5.0,0,0.7,1
"POCO C85 | Pin khủng 6000mAh (typ) | Lên đến 22 giờ xem video | Màn hình lớn 6.9""sống động | Tốc độ làm mới cao lên đến 120Hz | Sạc nhanh 33W | Pin đạt 50% sau 31 phút sạc | Vi xử lý tám nhân mạnh mẽ | Camera kép AI 50MP sắc nét",Điện thoại,TF-IDF,no,0,Điện thoại vivo Y28 (8GB+128GB) - Chính hãng - 1 Đổi 1 tháng đầu tiên - Bảo hành 12 tháng,Điện thoại,vivo,0.2126,5.0,0,0.7,1
"POCO C85 | Pin khủng 6000mAh (typ) | Lên đến 22 giờ xem video | Màn hình lớn 6.9""sống động | Tốc độ làm mới cao lên đến 120Hz | Sạc nhanh 33W | Pin đạt 50% sau 31 phút sạc | Vi xử lý tám nhân mạnh mẽ | Camera kép AI 50MP sắc nét",Điện thoại,SBERT,no,0,Điện thoại thông minh POCO X8 PRO| Pin cực lớn 6500mAh(typ) sạc nhanh 100W| Màn hình AMOLED 1.5K 120Hz,Điện thoại,xiaomi,0.7992,4.94,406,0.8,1
"POCO C85 | Pin khủng 6000mAh (typ) | Lên đến 22 giờ xem video | Màn hình lớn 6.9""sống động | Tốc độ làm mới cao lên đến 120Hz | Sạc nhanh 33W | Pin đạt 50% sau 31 phút sạc | Vi xử lý tám nhân mạnh mẽ | Camera kép AI 50MP sắc nét",Điện thoại,SBERT,no,0,"[New] REDMI Pad 2 Pro 5G | Màn hình 12,1"" 2,5K siêu rõ nét | Hình ảnh mượt mà với tần số quét lên đến 120Hz | Pin 12.000mAh (typ) dung lượng lớn | Bộ xử lý 4nm tiên tiến với 5G",Điện thoại,xiaomi,0.6978,5.0,13,0.7,1
"POCO C85 | Pin khủng 6000mAh (typ) | Lên đến 22 giờ xem video | Màn hình lớn 6.9""sống động | Tốc độ làm mới cao lên đến 120Hz | Sạc nhanh 33W | Pin đạt 50% sau 31 phút sạc | Vi xử lý tám nhân mạnh mẽ | Camera kép AI 50MP sắc nét",Điện thoại,SBERT,no,0,Điện thoại di động giá rẻ S23 Ultra Full HD 7.3Inch Điện Thoại Di Động Bộ Nhớ Lớn 16+1T Hai Thẻ Sim Camera HD 48+100MP Pin 8000mAh điện thoại chính hãng giá rẻ,Điện thoại,other,0.6676,5.0,0,0.5,0
"POCO C85 | Pin khủng 6000mAh (typ) | Lên đến 22 giờ xem video | Màn hình lớn 6.9""sống động | Tốc độ làm mới cao lên đến 120Hz | Sạc nhanh 33W | Pin đạt 50% sau 31 phút sạc | Vi xử lý tám nhân mạnh mẽ | Camera kép AI 50MP sắc nét",Điện thoại,SBERT,no,0,"Điện thoại 0p_po A9 (2020) 8GB/256GB nguyên zin đẹp keng Full chức năng kèm ốp lưng, cường lực BH 06 tháng",Điện thoại,other,0.6532,5.0,12,0.5,0
"POCO C85 | Pin khủng 6000mAh (typ) | Lên đến 22 giờ xem video | Màn hình lớn 6.9""sống động | Tốc độ làm mới cao lên đến 120Hz | Sạc nhanh 33W | Pin đạt 50% sau 31 phút sạc | Vi xử lý tám nhân mạnh mẽ | Camera kép AI 50MP sắc nét",Điện thoại,SBERT,no,0,Điện thoại F11 (6/128gb) Đen,Điện thoại,other,0.65,5.0,0,0.5,0
"POCO C85 | Pin khủng 6000mAh (typ) | Lên đến 22 giờ xem video | Màn hình lớn 6.9""sống động | Tốc độ làm mới cao lên đến 120Hz | Sạc nhanh 33W | Pin đạt 50% sau 31 phút sạc | Vi xử lý tám nhân mạnh mẽ | Camera kép AI 50MP sắc nét",Điện thoại,PhoBERT,no,0,"Xiaomi 15T | Thiết kế thân máy bo tròn thanh lịch | Màn hình 6.83"" bảo vệ mắt cùng tần số quét 120Hz | Xiaomi HyperAI | Sạc nhanh HyperCharge 67W | Pin bền bỉ 5500mAh (typ)",Điện thoại,xiaomi,0.9302,5.0,34,0.7,1
"POCO C85 | Pin khủng 6000mAh (typ) | Lên đến 22 giờ xem video | Màn hình lớn 6.9""sống động | Tốc độ làm mới cao lên đến 120Hz | Sạc nhanh 33W | Pin đạt 50% sau 31 phút sạc | Vi xử lý tám nhân mạnh mẽ | Camera kép AI 50MP sắc nét",Điện thoại,PhoBERT,no,0,"Xiaomi 15T Pro | Ống kính tele Leica 5x Pro, Chụp ảnh Spotlight | Thiết kế thân máy bo tròn thanh lịch | Màn hình 6.83"" bảo vệ mắt cùng tần số quét 144Hz | Sạc nhanh HyperCharge: 90W có dây, 50W không dây | Xiaomi HyperAl",Điện thoại,xiaomi,0.9243,5.0,28,0.7,1
"POCO C85 | Pin khủng 6000mAh (typ) | Lên đến 22 giờ xem video | Màn hình lớn 6.9""sống động | Tốc độ làm mới cao lên đến 120Hz | Sạc nhanh 33W | Pin đạt 50% sau 31 phút sạc | Vi xử lý tám nhân mạnh mẽ | Camera kép AI 50MP sắc nét",Điện thoại,PhoBERT,no,0,"[New] REDMI Pad 2 Pro 5G | Màn hình 12,1"" 2,5K siêu rõ nét | Hình ảnh mượt mà với tần số quét lên đến 120Hz | Pin 12.000mAh (typ) dung lượng lớn | Bộ xử lý 4nm tiên tiến với 5G",Điện thoại,xiaomi,0.9221,5.0,13,0.7,1
"POCO C85 | Pin khủng 6000mAh (typ) | Lên đến 22 giờ xem video | Màn hình lớn 6.9""sống động | Tốc độ làm mới cao lên đến 120Hz | Sạc nhanh 33W | Pin đạt 50% sau 31 phút sạc | Vi xử lý tám nhân mạnh mẽ | Camera kép AI 50MP sắc nét",Điện thoại,PhoBERT,no,0,[ƯU ĐÃI MỞ BÁN] Điện thoại di động Tecno Camon 30S 8GB/256GB - Helio G100 | 5000mAh | Sạc nhanh 33W | Hàng chính hãng,Điện thoại,other,0.9196,5.0,0,0.5,0
"POCO C85 | Pin khủng 6000mAh (typ) | Lên đến 22 giờ xem video | Màn hình lớn 6.9""sống động | Tốc độ làm mới cao lên đến 120Hz | Sạc nhanh 33W | Pin đạt 50% sau 31 phút sạc | Vi xử lý tám nhân mạnh mẽ | Camera kép AI 50MP sắc nét",Điện thoại,PhoBERT,no,0,[TV Mới] Xiaomi TV A Pro 55'' 2026 | Màn hình QLED 4K độ sáng cao với công nghệ làm mượt chuyển động | Tần số quét 120Hz khi bật chế độ Game Boost qua HDMI | Bề mặt kim loại bắt mắt với thiết kế khung viền siêu mỏng,Màn hình,xiaomi,0.9189,4.82,141,0.8,1
"POCO C85 | Pin khủng 6000mAh (typ) | Lên đến 22 giờ xem video | Màn hình lớn 6.9""sống động | Tốc độ làm mới cao lên đến 120Hz | Sạc nhanh 33W | Pin đạt 50% sau 31 phút sạc | Vi xử lý tám nhân mạnh mẽ | Camera kép AI 50MP sắc nét",Điện thoại,Hybrid-SBERT,no,0,Điện thoại thông minh POCO X8 PRO| Pin cực lớn 6500mAh(typ) sạc nhanh 100W| Màn hình AMOLED 1.5K 120Hz,Điện thoại,xiaomi,0.9834,4.94,406,0.8,1
"POCO C85 | Pin khủng 6000mAh (typ) | Lên đến 22 giờ xem video | Màn hình lớn 6.9""sống động | Tốc độ làm mới cao lên đến 120Hz | Sạc nhanh 33W | Pin đạt 50% sau 31 phút sạc | Vi xử lý tám nhân mạnh mẽ | Camera kép AI 50MP sắc nét",Điện thoại,Hybrid-SBERT,no,0,Máy tính bảng Xiaomi Pad 8 (8+128GB|8+256GB)| Pin 9.200mAh (typ) siêu lớn| Màn hình 3.2K 144Hz siêu sắc nét| Vi xử lý Snapdragon 8s Gen 4,Máy tính bảng,xiaomi,0.9239,5.0,7,0.8,1
"POCO C85 | Pin khủng 6000mAh (typ) | Lên đến 22 giờ xem video | Màn hình lớn 6.9""sống động | Tốc độ làm mới cao lên đến 120Hz | Sạc nhanh 33W | Pin đạt 50% sau 31 phút sạc | Vi xử lý tám nhân mạnh mẽ | Camera kép AI 50MP sắc nét",Điện thoại,Hybrid-SBERT,no,0,"[New] REDMI Pad 2 Pro 5G | Màn hình 12,1"" 2,5K siêu rõ nét | Hình ảnh mượt mà với tần số quét lên đến 120Hz | Pin 12.000mAh (typ) dung lượng lớn | Bộ xử lý 4nm tiên tiến với 5G",Điện thoại,xiaomi,0.9239,5.0,13,0.7,1
"POCO C85 | Pin khủng 6000mAh (typ) | Lên đến 22 giờ xem video | Màn hình lớn 6.9""sống động | Tốc độ làm mới cao lên đến 120Hz | Sạc nhanh 33W | Pin đạt 50% sau 31 phút sạc | Vi xử lý tám nhân mạnh mẽ | Camera kép AI 50MP sắc nét",Điện thoại,Hybrid-SBERT,no,0,điện thoại VV Y.11 Ram 6/126GB Pin khủng 5000 mAh,Điện thoại,vivo,0.8692,5.0,69,0.55,0
"POCO C85 | Pin khủng 6000mAh (typ) | Lên đến 22 giờ xem video | Màn hình lớn 6.9""sống động | Tốc độ làm mới cao lên đến 120Hz | Sạc nhanh 33W | Pin đạt 50% sau 31 phút sạc | Vi xử lý tám nhân mạnh mẽ | Camera kép AI 50MP sắc nét",Điện thoại,Hybrid-SBERT,no,0,Máy tính bảng Xiaomi Pad 7 (8+128GB | 8+256GB) | Màn hình 3.2K 144Hz siêu rõ nét | HyperAI | Vi xử lí Snapdragon® 7+ Gen 3 Mobile Platform,Máy tính bảng,xiaomi,0.8688,4.89,196,0.85,1
"POCO C85 | Pin khủng 6000mAh (typ) | Lên đến 22 giờ xem video | Màn hình lớn 6.9""sống động | Tốc độ làm mới cao lên đến 120Hz | Sạc nhanh 33W | Pin đạt 50% sau 31 phút sạc | Vi xử lý tám nhân mạnh mẽ | Camera kép AI 50MP sắc nét",Điện thoại,Hybrid-PhoBERT,no,0,"Xiaomi 15T | Thiết kế thân máy bo tròn thanh lịch | Màn hình 6.83"" bảo vệ mắt cùng tần số quét 120Hz | Xiaomi HyperAI | Sạc nhanh HyperCharge 67W | Pin bền bỉ 5500mAh (typ)",Điện thoại,xiaomi,0.9255,5.0,34,0.7,1
"POCO C85 | Pin khủng 6000mAh (typ) | Lên đến 22 giờ xem video | Màn hình lớn 6.9""sống động | Tốc độ làm mới cao lên đến 120Hz | Sạc nhanh 33W | Pin đạt 50% sau 31 phút sạc | Vi xử lý tám nhân mạnh mẽ | Camera kép AI 50MP sắc nét",Điện thoại,Hybrid-PhoBERT,no,0,Điện thoại thông minh POCO X8 PRO| Pin cực lớn 6500mAh(typ) sạc nhanh 100W| Màn hình AMOLED 1.5K 120Hz,Điện thoại,xiaomi,0.9255,4.94,406,0.8,1
"POCO C85 | Pin khủng 6000mAh (typ) | Lên đến 22 giờ xem video | Màn hình lớn 6.9""sống động | Tốc độ làm mới cao lên đến 120Hz | Sạc nhanh 33W | Pin đạt 50% sau 31 phút sạc | Vi xử lý tám nhân mạnh mẽ | Camera kép AI 50MP sắc nét",Điện thoại,Hybrid-PhoBERT,no,0,"[New] REDMI Pad 2 Pro 5G | Màn hình 12,1"" 2,5K siêu rõ nét | Hình ảnh mượt mà với tần số quét lên đến 120Hz | Pin 12.000mAh (typ) dung lượng lớn | Bộ xử lý 4nm tiên tiến với 5G",Điện thoại,xiaomi,0.9161,5.0,13,0.7,1
"POCO C85 | Pin khủng 6000mAh (typ) | Lên đến 22 giờ xem video | Màn hình lớn 6.9""sống động | Tốc độ làm mới cao lên đến 120Hz | Sạc nhanh 33W | Pin đạt 50% sau 31 phút sạc | Vi xử lý tám nhân mạnh mẽ | Camera kép AI 50MP sắc nét",Điện thoại,Hybrid-PhoBERT,no,0,Máy tính bảng Xiaomi Pad 8 (8+128GB|8+256GB)| Pin 9.200mAh (typ) siêu lớn| Màn hình 3.2K 144Hz siêu sắc nét| Vi xử lý Snapdragon 8s Gen 4,Máy tính bảng,xiaomi,0.9111,5.0,7,0.8,1
"POCO C85 | Pin khủng 6000mAh (typ) | Lên đến 22 giờ xem video | Màn hình lớn 6.9""sống động | Tốc độ làm mới cao lên đến 120Hz | Sạc nhanh 33W | Pin đạt 50% sau 31 phút sạc | Vi xử lý tám nhân mạnh mẽ | Camera kép AI 50MP sắc nét",Điện thoại,Hybrid-PhoBERT,no,0,Máy tính bảng Xiaomi Pad 7 (8+128GB | 8+256GB) | Màn hình 3.2K 144Hz siêu rõ nét | HyperAI | Vi xử lí Snapdragon® 7+ Gen 3 Mobile Platform,Máy tính bảng,xiaomi,0.8971,4.89,196,0.85,1
Điện thoại oppo neo5 _a31. Điện thoại gia rẻ HÀNG CHÍNH HÃNG đã qua sử dụng,Điện thoại,TF-IDF,no,0,Điện thoại Apple iPhone 16 - Hàng Chính Hãng VN/A,Điện thoại,apple,0.2756,4.93,883,0.85,1
Điện thoại oppo neo5 _a31. Điện thoại gia rẻ HÀNG CHÍNH HÃNG đã qua sử dụng,Điện thoại,TF-IDF,no,0,điện thoại VV Y.11 Ram 6/126GB Pin khủng 5000 mAh,Điện thoại,vivo,0.2716,5.0,69,0.55,0
Điện thoại oppo neo5 _a31. Điện thoại gia rẻ HÀNG CHÍNH HÃNG đã qua sử dụng,Điện thoại,TF-IDF,no,0,Điện thoại thông minh Xiaomi 15 Ultra (16+512GB) | Camera Leica | Ống kính tele 200MP | Xiaomi HyperAI,Điện thoại,xiaomi,0.2666,5.0,191,0.85,1
Điện thoại oppo neo5 _a31. Điện thoại gia rẻ HÀNG CHÍNH HÃNG đã qua sử dụng,Điện thoại,TF-IDF,no,0,iPhone 13 - Hàng Chính Hãng VN/A,Điện thoại,apple,0.2624,4.89,6500,1.0,1
Điện thoại oppo neo5 _a31. Điện thoại gia rẻ HÀNG CHÍNH HÃNG đã qua sử dụng,Điện thoại,TF-IDF,no,0,Điện thoại di động HTC Wildfire E3 lite (4GB/64GB) - Chính hãng,Điện thoại,other,0.2588,4.71,74,0.55,0
Điện thoại oppo neo5 _a31. Điện thoại gia rẻ HÀNG CHÍNH HÃNG đã qua sử dụng,Điện thoại,SBERT,no,0,Hanrui Shop Máy tính bảng Moocis M5 màn hình cong 5D 10inch,Máy tính bảng,other,0.8581,5.0,0,0.5,0
Điện thoại oppo neo5 _a31. Điện thoại gia rẻ HÀNG CHÍNH HÃNG đã qua sử dụng,Điện thoại,SBERT,no,0,Điện thoại Vivo Y11 6GB/128GB nguyên zin đẹp keng BH 12 tháng,Điện thoại,vivo,0.8327,4.8,23,0.55,0
Điện thoại oppo neo5 _a31. Điện thoại gia rẻ HÀNG CHÍNH HÃNG đã qua sử dụng,Điện thoại,SBERT,no,0,Điện thoại F11 (6/128gb) Đen,Điện thoại,other,0.83,5.0,0,0.5,0
Điện thoại oppo neo5 _a31. Điện thoại gia rẻ HÀNG CHÍNH HÃNG đã qua sử dụng,Điện thoại,SBERT,no,0,Điện thoại 6s rất đẹp,Điện thoại,other,0.8251,5.0,0,0.5,0
Điện thoại oppo neo5 _a31. Điện thoại gia rẻ HÀNG CHÍNH HÃNG đã qua sử dụng,Điện thoại,SBERT,no,0,"Điện thoại Samsung Galaxy Z Fold6, điện thoại AI, màn hình cực đại 7.6"", mỏng nhẹ",Điện thoại,samsung,0.8164,5.0,569,0.7,1
Điện thoại oppo neo5 _a31. Điện thoại gia rẻ HÀNG CHÍNH HÃNG đã qua sử dụng,Điện thoại,PhoBERT,no,0,điện thoại VV Y.11 Ram 6/126GB Pin khủng 5000 mAh,Điện thoại,vivo,0.9514,5.0,69,0.55,0
Điện thoại oppo neo5 _a31. Điện thoại gia rẻ HÀNG CHÍNH HÃNG đã qua sử dụng,Điện thoại,PhoBERT,no,0,Điện thoại Apple iPhone 17 Pro Max - Hàng Chính Hãng ZP/A,Điện thoại,apple,0.9495,4.95,2300,0.95,1
Điện thoại oppo neo5 _a31. Điện thoại gia rẻ HÀNG CHÍNH HÃNG đã qua sử dụng,Điện thoại,PhoBERT,no,0,Đt siêu mượt Điện thoại cao cấp Vi xử lý 10 nhân Bán giá rẻ Cấu hình mạnh đỉnh điện thoại giá học sinh bản Quốc tế NEW 5G Phone,Điện thoại,vivo,0.9488,5.0,0,0.5,0
Điện thoại oppo neo5 _a31. Điện thoại gia rẻ HÀNG CHÍNH HÃNG đã qua sử dụng,Điện thoại,PhoBERT,no,0,Điện thoại di động HTC Wildfire E3 lite (4GB/64GB) - Chính hãng,Điện thoại,other,0.9482,4.71,74,0.55,0
Điện thoại oppo neo5 _a31. Điện thoại gia rẻ HÀNG CHÍNH HÃNG đã qua sử dụng,Điện thoại,PhoBERT,no,0,điện thoại giá rẽ 6.8inch Chính Hãng Android đt giá siêu rẻ Cấu Hình Mạnh Đỉnh điện thoại giá học sinh Pin trâu 6800mAh điện thoại cao cấp,Điện thoại,other,0.9466,5.0,0,0.5,0
Điện thoại oppo neo5 _a31. Điện thoại gia rẻ HÀNG CHÍNH HÃNG đã qua sử dụng,Điện thoại,Hybrid-SBERT,no,0,Điện thoại F11 (6/128gb) Đen,Điện thoại,other,0.9297,5.0,0,0.5,0
Điện thoại oppo neo5 _a31. Điện thoại gia rẻ HÀNG CHÍNH HÃNG đã qua sử dụng,Điện thoại,Hybrid-SBERT,no,0,Điện Thoại Thông Minh Giá Rẻ Samsung Galaxy J2 prime G532 Hỗ Trợ 4G Máy Cũ Tân Trang,Điện thoại,samsung,0.8565,4.4,98,0.5,0
Điện thoại oppo neo5 _a31. Điện thoại gia rẻ HÀNG CHÍNH HÃNG đã qua sử dụng,Điện thoại,Hybrid-SBERT,no,0,điện thoại VV Y.11 Ram 6/126GB Pin khủng 5000 mAh,Điện thoại,vivo,0.8426,5.0,69,0.55,0
Điện thoại oppo neo5 _a31. Điện thoại gia rẻ HÀNG CHÍNH HÃNG đã qua sử dụng,Điện thoại,Hybrid-SBERT,no,0,Điện thoại Apple iPhone 17 - Hàng Chính Hãng ZP/A,Điện thoại,apple,0.8051,4.92,364,0.8,1
Điện thoại oppo neo5 _a31. Điện thoại gia rẻ HÀNG CHÍNH HÃNG đã qua sử dụng,Điện thoại,Hybrid-SBERT,no,0,Điện thoại 6s rất đẹp,Điện thoại,other,0.8023,5.0,0,0.5,0
Điện thoại oppo neo5 _a31. Điện thoại gia rẻ HÀNG CHÍNH HÃNG đã qua sử dụng,Điện thoại,Hybrid-PhoBERT,no,0,điện thoại VV Y.11 Ram 6/126GB Pin khủng 5000 mAh,Điện thoại,vivo,0.9753,5.0,69,0.55,0
Điện thoại oppo neo5 _a31. Điện thoại gia rẻ HÀNG CHÍNH HÃNG đã qua sử dụng,Điện thoại,Hybrid-PhoBERT,no,0,Điện thoại di động HTC Wildfire E3 lite (4GB/64GB) - Chính hãng,Điện thoại,other,0.9293,4.71,74,0.55,0
Điện thoại oppo neo5 _a31. Điện thoại gia rẻ HÀNG CHÍNH HÃNG đã qua sử dụng,Điện thoại,Hybrid-PhoBERT,no,0,Điện thoại thông minh Xiaomi 15 Ultra (16+512GB) | Camera Leica | Ống kính tele 200MP | Xiaomi HyperAI,Điện thoại,xiaomi,0.8797,5.0,191,0.85,1
Điện thoại oppo neo5 _a31. Điện thoại gia rẻ HÀNG CHÍNH HÃNG đã qua sử dụng,Điện thoại,Hybrid-PhoBERT,no,0,Điện Thoại Thông Minh Giá Rẻ Samsung Galaxy J2 prime G532 Hỗ Trợ 4G Máy Cũ Tân Trang,Điện thoại,samsung,0.8565,4.4,98,0.5,0
Điện thoại oppo neo5 _a31. Điện thoại gia rẻ HÀNG CHÍNH HÃNG đã qua sử dụng,Điện thoại,Hybrid-PhoBERT,no,0,Điện thoại Apple iPhone 17 Pro Max - Hàng Chính Hãng ZP/A,Điện thoại,apple,0.8339,4.95,2300,0.95,1
Máy tính bảng HUAWEI MatePad 11.5 | 6GB+128GB | Màn Hình HUAWEI FullView 120 Hz | Bàn Phím Rời | Ứng Dụng Văn Phòng WPS 2.0 Chuẩn PC,Trackpad & Bàn phím,TF-IDF,no,0,Apple iPhone 16 128GB - Chính Hãng (VN/A),Điện thoại,apple,0.2572,5.0,0,0.7,1
Máy tính bảng HUAWEI MatePad 11.5 | 6GB+128GB | Màn Hình HUAWEI FullView 120 Hz | Bàn Phím Rời | Ứng Dụng Văn Phòng WPS 2.0 Chuẩn PC,Trackpad & Bàn phím,TF-IDF,no,0,Apple iPhone 16 Plus 128GB - Chính Hãng (VN/A),Điện thoại,apple,0.2542,5.0,0,0.7,1
Máy tính bảng HUAWEI MatePad 11.5 | 6GB+128GB | Màn Hình HUAWEI FullView 120 Hz | Bàn Phím Rời | Ứng Dụng Văn Phòng WPS 2.0 Chuẩn PC,Trackpad & Bàn phím,TF-IDF,no,0,Điện thoại vivo Y04 (6GB+128GB) - Hàng Chính Hãng - 1 Đổi 1 Tháng Đầu Tiên - Bảo Hành 12 Tháng,Điện thoại,vivo,0.2463,5.0,0,0.7,1
Máy tính bảng HUAWEI MatePad 11.5 | 6GB+128GB | Màn Hình HUAWEI FullView 120 Hz | Bàn Phím Rời | Ứng Dụng Văn Phòng WPS 2.0 Chuẩn PC,Trackpad & Bàn phím,TF-IDF,no,0,Apple iPhone 16 Pro 128GB - Chính Hãng (VN/A),Điện thoại,apple,0.2456,5.0,0,0.7,1
Máy tính bảng HUAWEI MatePad 11.5 | 6GB+128GB | Màn Hình HUAWEI FullView 120 Hz | Bàn Phím Rời | Ứng Dụng Văn Phòng WPS 2.0 Chuẩn PC,Trackpad & Bàn phím,TF-IDF,no,0,Điện Thoại Di Động Masstel Fami 60S 4G,Điện thoại,other,0.2441,5.0,0,0.5,0
Máy tính bảng HUAWEI MatePad 11.5 | 6GB+128GB | Màn Hình HUAWEI FullView 120 Hz | Bàn Phím Rời | Ứng Dụng Văn Phòng WPS 2.0 Chuẩn PC,Trackpad & Bàn phím,SBERT,no,0,Máy tính bảng Xiaomi Pad 7 (8+128GB | 8+256GB) | Màn hình 3.2K 144Hz siêu rõ nét | HyperAI | Vi xử lí Snapdragon® 7+ Gen 3 Mobile Platform,Máy tính bảng,xiaomi,0.8271,4.89,196,0.85,1
Máy tính bảng HUAWEI MatePad 11.5 | 6GB+128GB | Màn Hình HUAWEI FullView 120 Hz | Bàn Phím Rời | Ứng Dụng Văn Phòng WPS 2.0 Chuẩn PC,Trackpad & Bàn phím,SBERT,no,0,Máy tính bảng Xiaomi Pad 8 (8+128GB|8+256GB)| Pin 9.200mAh (typ) siêu lớn| Màn hình 3.2K 144Hz siêu sắc nét| Vi xử lý Snapdragon 8s Gen 4,Máy tính bảng,xiaomi,0.7782,5.0,7,0.8,1
Máy tính bảng HUAWEI MatePad 11.5 | 6GB+128GB | Màn Hình HUAWEI FullView 120 Hz | Bàn Phím Rời | Ứng Dụng Văn Phòng WPS 2.0 Chuẩn PC,Trackpad & Bàn phím,SBERT,no,0,Máy tính bảng Xiaomi Pad 8 Pro (8+128GB|8+256GB)| Pin 9.200mAh (typ) siêu lớn| Màn hình 3.2K 144Hz siêu sắc nét| Vi xử lý Snapdragon 8 Elite,Máy tính bảng,xiaomi,0.7586,5.0,0,0.7,1
Máy tính bảng HUAWEI MatePad 11.5 | 6GB+128GB | Màn Hình HUAWEI FullView 120 Hz | Bàn Phím Rời | Ứng Dụng Văn Phòng WPS 2.0 Chuẩn PC,Trackpad & Bàn phím,SBERT,no,0,"Máy tính bảng P70 12 inch RAM 16GB ROM 1TB Android 13 15000mAh 24MP 48MP camera HD, Snapdragon 888, tần số quét cao 60Hz, hỗ trợ 4/5G, WiFi, Bluetooth, GPS và các tính năng khác, máy tính bảng giá rẻ, học tập, văn phòng, xem phim, chơi game.",Máy tính bảng,other,0.7454,5.0,18,0.5,0
Máy tính bảng HUAWEI MatePad 11.5 | 6GB+128GB | Màn Hình HUAWEI FullView 120 Hz | Bàn Phím Rời | Ứng Dụng Văn Phòng WPS 2.0 Chuẩn PC,Trackpad & Bàn phím,SBERT,no,0,Điện thoại Xiaomi Mi 11 Lite 5G Rom Quốc tế tiếng Việt - Snapdragon 780G ram 8G 128G MSMS,Điện thoại,xiaomi,0.7444,4.74,93,0.45,0
Máy tính bảng HUAWEI MatePad 11.5 | 6GB+128GB | Màn Hình HUAWEI FullView 120 Hz | Bàn Phím Rời | Ứng Dụng Văn Phòng WPS 2.0 Chuẩn PC,Trackpad & Bàn phím,PhoBERT,no,0,Máy tính bảng Xiaomi Pad 7 (8+128GB | 8+256GB) | Màn hình 3.2K 144Hz siêu rõ nét | HyperAI | Vi xử lí Snapdragon® 7+ Gen 3 Mobile Platform,Máy tính bảng,xiaomi,0.9485,4.89,196,0.85,1
Máy tính bảng HUAWEI MatePad 11.5 | 6GB+128GB | Màn Hình HUAWEI FullView 120 Hz | Bàn Phím Rời | Ứng Dụng Văn Phòng WPS 2.0 Chuẩn PC,Trackpad & Bàn phím,PhoBERT,no,0,Máy tính bảng REDMI Pad SE 8.7 Wifi (4+64G | 4+128GB | 6+128G ) | LCD 90Hz | MediaTek Helio G85 8 | Pin 6650mAh,Điện thoại,xiaomi,0.9447,4.91,489,0.85,1
Máy tính bảng HUAWEI MatePad 11.5 | 6GB+128GB | Màn Hình HUAWEI FullView 120 Hz | Bàn Phím Rời | Ứng Dụng Văn Phòng WPS 2.0 Chuẩn PC,Trackpad & Bàn phím,PhoBERT,no,0,"Màn hình máy tính Xiaomi Gaming Monitor G24i | Tám điểm nhấn vượt trội | Màn hình IPS LCD phản hồi nhanh | Chất lượng hình ảnh 1080P rõ nét | GTG 1ms Phản hồi nhanh, độ trễ thấp",Màn hình,xiaomi,0.9435,5.0,0,0.7,1
Máy tính bảng HUAWEI MatePad 11.5 | 6GB+128GB | Màn Hình HUAWEI FullView 120 Hz | Bàn Phím Rời | Ứng Dụng Văn Phòng WPS 2.0 Chuẩn PC,Trackpad & Bàn phím,PhoBERT,no,0,Laptop Asus Vivobook 14 OLED A1405VA-KM257W (Intel Core i5-13500H | 16GB | 512GB | Intel Iris Xe | 14 inch 2.8K OLED) - Hàng Chính Hãng,Máy tính laptop,other,0.9362,5.0,0,0.5,0
Máy tính bảng HUAWEI MatePad 11.5 | 6GB+128GB | Màn Hình HUAWEI FullView 120 Hz | Bàn Phím Rời | Ứng Dụng Văn Phòng WPS 2.0 Chuẩn PC,Trackpad & Bàn phím,PhoBERT,no,0,S24 Ultra 2024 Điện Thoại Di Động Mới 5G Thông Minh Android 12GB+512G 7.5inch Màn Hình Đầy Đủ Màn Hình Hd SIM+SD Hỗ Trợ Bluetooth WiFi GPS 6800mah,Điện thoại,other,0.9329,5.0,10,0.5,0
Máy tính bảng HUAWEI MatePad 11.5 | 6GB+128GB | Màn Hình HUAWEI FullView 120 Hz | Bàn Phím Rời | Ứng Dụng Văn Phòng WPS 2.0 Chuẩn PC,Trackpad & Bàn phím,Hybrid-SBERT,no,0,Máy tính bảng Xiaomi Pad 8 Pro (8+128GB|8+256GB)| Pin 9.200mAh (typ) siêu lớn| Màn hình 3.2K 144Hz siêu sắc nét| Vi xử lý Snapdragon 8 Elite,Máy tính bảng,xiaomi,0.9033,5.0,0,0.7,1
Máy tính bảng HUAWEI MatePad 11.5 | 6GB+128GB | Màn Hình HUAWEI FullView 120 Hz | Bàn Phím Rời | Ứng Dụng Văn Phòng WPS 2.0 Chuẩn PC,Trackpad & Bàn phím,Hybrid-SBERT,no,0,Máy tính bảng Xiaomi Pad 8 (8+128GB|8+256GB)| Pin 9.200mAh (typ) siêu lớn| Màn hình 3.2K 144Hz siêu sắc nét| Vi xử lý Snapdragon 8s Gen 4,Máy tính bảng,xiaomi,0.8517,5.0,7,0.8,1
Máy tính bảng HUAWEI MatePad 11.5 | 6GB+128GB | Màn Hình HUAWEI FullView 120 Hz | Bàn Phím Rời | Ứng Dụng Văn Phòng WPS 2.0 Chuẩn PC,Trackpad & Bàn phím,Hybrid-SBERT,no,0,Máy tính bảng Xiaomi Pad 7 (8+128GB | 8+256GB) | Màn hình 3.2K 144Hz siêu rõ nét | HyperAI | Vi xử lí Snapdragon® 7+ Gen 3 Mobile Platform,Máy tính bảng,xiaomi,0.7498,4.89,196,0.85,1
Máy tính bảng HUAWEI MatePad 11.5 | 6GB+128GB | Màn Hình HUAWEI FullView 120 Hz | Bàn Phím Rời | Ứng Dụng Văn Phòng WPS 2.0 Chuẩn PC,Trackpad & Bàn phím,Hybrid-SBERT,no,0,"Xiaomi 15T | Thiết kế thân máy bo tròn thanh lịch | Màn hình 6.83"" bảo vệ mắt cùng tần số quét 120Hz | Xiaomi HyperAI | Sạc nhanh HyperCharge 67W | Pin bền bỉ 5500mAh (typ)",Điện thoại,xiaomi,0.6609,5.0,34,0.7,1
Máy tính bảng HUAWEI MatePad 11.5 | 6GB+128GB | Màn Hình HUAWEI FullView 120 Hz | Bàn Phím Rời | Ứng Dụng Văn Phòng WPS 2.0 Chuẩn PC,Trackpad & Bàn phím,Hybrid-SBERT,no,0,"Máy tính bảng P70 12 inch RAM 16GB ROM 1TB Android 13 15000mAh 24MP 48MP camera HD, Snapdragon 888, tần số quét cao 60Hz, hỗ trợ 4/5G, WiFi, Bluetooth, GPS và các tính năng khác, máy tính bảng giá rẻ, học tập, văn phòng, xem phim, chơi game.",Máy tính bảng,other,0.6297,5.0,18,0.5,0
Máy tính bảng HUAWEI MatePad 11.5 | 6GB+128GB | Màn Hình HUAWEI FullView 120 Hz | Bàn Phím Rời | Ứng Dụng Văn Phòng WPS 2.0 Chuẩn PC,Trackpad & Bàn phím,Hybrid-PhoBERT,no,0,Máy tính bảng Xiaomi Pad 8 Pro (8+128GB|8+256GB)| Pin 9.200mAh (typ) siêu lớn| Màn hình 3.2K 144Hz siêu sắc nét| Vi xử lý Snapdragon 8 Elite,Máy tính bảng,xiaomi,0.8677,5.0,0,0.7,1
Máy tính bảng HUAWEI MatePad 11.5 | 6GB+128GB | Màn Hình HUAWEI FullView 120 Hz | Bàn Phím Rời | Ứng Dụng Văn Phòng WPS 2.0 Chuẩn PC,Trackpad & Bàn phím,Hybrid-PhoBERT,no,0,Điện thoại vivo Y04 (6GB+128GB) - Hàng Chính Hãng - 1 Đổi 1 Tháng Đầu Tiên - Bảo Hành 12 Tháng,Điện thoại,vivo,0.8486,5.0,0,0.7,1
Máy tính bảng HUAWEI MatePad 11.5 | 6GB+128GB | Màn Hình HUAWEI FullView 120 Hz | Bàn Phím Rời | Ứng Dụng Văn Phòng WPS 2.0 Chuẩn PC,Trackpad & Bàn phím,Hybrid-PhoBERT,no,0,Apple iPhone 16 Pro 128GB - Chính Hãng (VN/A),Điện thoại,apple,0.8272,5.0,0,0.7,1
Máy tính bảng HUAWEI MatePad 11.5 | 6GB+128GB | Màn Hình HUAWEI FullView 120 Hz | Bàn Phím Rời | Ứng Dụng Văn Phòng WPS 2.0 Chuẩn PC,Trackpad & Bàn phím,Hybrid-PhoBERT,no,0,Máy tính bảng Xiaomi Pad 8 (8+128GB|8+256GB)| Pin 9.200mAh (typ) siêu lớn| Màn hình 3.2K 144Hz siêu sắc nét| Vi xử lý Snapdragon 8s Gen 4,Máy tính bảng,xiaomi,0.8219,5.0,7,0.8,1
Máy tính bảng HUAWEI MatePad 11.5 | 6GB+128GB | Màn Hình HUAWEI FullView 120 Hz | Bàn Phím Rời | Ứng Dụng Văn Phòng WPS 2.0 Chuẩn PC,Trackpad & Bàn phím,Hybrid-PhoBERT,no,0,Apple iPhone 16 Plus 128GB - Chính Hãng (VN/A),Điện thoại,apple,0.8216,5.0,0,0.7,1
điện thoại VV Y.11 Ram 6/126GB Pin khủng 5000 mAh,Điện thoại,TF-IDF,no,0,điện thoại V.V Y.93 Ram 6/128GB 2sim Pin trâu 4030 mAh,Điện thoại,vivo,0.3098,5.0,26,0.5,0
điện thoại VV Y.11 Ram 6/126GB Pin khủng 5000 mAh,Điện thoại,TF-IDF,no,0,"Điện thoại 4G giá rẻ Samsung Galaxy A51 2sim ram 6G/128G, Cấu hình Cao Chiến mọi Game mượt, Chụp ảnh đẹp, BSN",Điện thoại,samsung,0.2739,5.0,33,0.6,0
điện thoại VV Y.11 Ram 6/126GB Pin khủng 5000 mAh,Điện thoại,TF-IDF,no,0,Điện thoại oppo neo5 _a31. Điện thoại gia rẻ HÀNG CHÍNH HÃNG đã qua sử dụng,Điện thoại,oppo,0.2716,4.88,202,0.55,0
điện thoại VV Y.11 Ram 6/126GB Pin khủng 5000 mAh,Điện thoại,TF-IDF,no,0,"Điện thoại 5G giá rẻ Samsung Galaxy S10 5G 2sim ram 8G/256G, Cấu hình Cao Chiến mọi Game mượt, Chụp ảnh đẹp, BSM",Điện thoại,samsung,0.2651,4.49,69,0.4,0
điện thoại VV Y.11 Ram 6/126GB Pin khủng 5000 mAh,Điện thoại,TF-IDF,no,0,"điện thoại 4G Samsung Galaxy Note 9 ram 6G/128G Chính Hãng, Chiến Game mượt, Chụp ảnh siêu đẹp -CMMF",Điện thoại,samsung,0.264,4.91,50,0.55,0
điện thoại VV Y.11 Ram 6/126GB Pin khủng 5000 mAh,Điện thoại,SBERT,no,0,điện thoại V.V Y.93 Ram 6/128GB 2sim Pin trâu 4030 mAh,Điện thoại,vivo,0.9159,5.0,26,0.5,0
điện thoại VV Y.11 Ram 6/126GB Pin khủng 5000 mAh,Điện thoại,SBERT,no,0,[HCM]Điện thoại LG G7 thinq cpu snap 845 ram 4gb bộ nhớ 64gb,Điện thoại,other,0.8649,4.75,0,0.55,0
điện thoại VV Y.11 Ram 6/126GB Pin khủng 5000 mAh,Điện thoại,SBERT,no,0,điện thoại sony xperia 1 mark II 2 sim snap 865 ram 8gb 128gb 6.5 inch,Điện thoại,sony,0.8488,5.0,9,0.5,0
điện thoại VV Y.11 Ram 6/126GB Pin khủng 5000 mAh,Điện thoại,SBERT,no,0,Điện thoại Y16 Ram 4G bộ nhớ 128GB Pin 5000 mAh máy chính hãng tặng kèm 1 ốp lưng,Điện thoại,vivo,0.8308,5.0,0,0.5,0
điện thoại VV Y.11 Ram 6/126GB Pin khủng 5000 mAh,Điện thoại,SBERT,no,0,"Điện thoại Cảm ứng Op A3 s 2sim Ram 6G/128G, màn 6.2inch,Camera siêu nét, Cày game.BẢO HÀNH 12 THÁNG",Điện thoại,other,0.7944,5.0,19,0.5,0
điện thoại VV Y.11 Ram 6/126GB Pin khủng 5000 mAh,Điện thoại,PhoBERT,no,0,Điện thoại Vivo Y11 6GB/128GB nguyên zin đẹp keng BH 12 tháng,Điện thoại,vivo,0.9578,4.8,23,0.55,0
điện thoại VV Y.11 Ram 6/126GB Pin khủng 5000 mAh,Điện thoại,PhoBERT,no,0,Điện thoại Xiaomi Mi 11 Lite 5G Rom Quốc tế tiếng Việt - Snapdragon 780G ram 8G 128G MSMS,Điện thoại,xiaomi,0.9563,4.74,93,0.45,0
điện thoại VV Y.11 Ram 6/126GB Pin khủng 5000 mAh,Điện thoại,PhoBERT,no,0,Điện thoại di động HTC Wildfire E3 lite (4GB/64GB) - Chính hãng,Điện thoại,other,0.9542,4.71,74,0.55,0
điện thoại VV Y.11 Ram 6/126GB Pin khủng 5000 mAh,Điện thoại,PhoBERT,no,0,Điện thoại Smartphone ZTE A35 Sieu Re RAM 4GB ROM 64GB -4G - MH 6.75inch- Pin 5000mAh,Điện thoại,other,0.9522,5.0,18,0.5,0
điện thoại VV Y.11 Ram 6/126GB Pin khủng 5000 mAh,Điện thoại,PhoBERT,no,0,"Điện thoại s.s A10 máy 2sim ram 2G/32G Chính Hãng, bảo hành 12 tháng tặng kèo sạc ốp",Điện thoại,other,0.9518,5.0,35,0.65,0
điện thoại VV Y.11 Ram 6/126GB Pin khủng 5000 mAh,Điện thoại,Hybrid-SBERT,no,0,điện thoại V.V Y.93 Ram 6/128GB 2sim Pin trâu 4030 mAh,Điện thoại,vivo,0.9834,5.0,26,0.5,0
điện thoại VV Y.11 Ram 6/126GB Pin khủng 5000 mAh,Điện thoại,Hybrid-SBERT,no,0,Điện thoại oppo neo5 _a31. Điện thoại gia rẻ HÀNG CHÍNH HÃNG đã qua sử dụng,Điện thoại,oppo,0.8535,4.88,202,0.55,0
điện thoại VV Y.11 Ram 6/126GB Pin khủng 5000 mAh,Điện thoại,Hybrid-SBERT,no,0,Điện thoại Xiaomi Mi 11 Lite 5G Rom Quốc tế tiếng Việt - Snapdragon 780G ram 8G 128G MSMS,Điện thoại,xiaomi,0.8441,4.74,93,0.45,0
điện thoại VV Y.11 Ram 6/126GB Pin khủng 5000 mAh,Điện thoại,Hybrid-SBERT,no,0,Điện thoại Y16 Ram 4G bộ nhớ 128GB Pin 5000 mAh máy chính hãng tặng kèm 1 ốp lưng,Điện thoại,vivo,0.8317,5.0,0,0.5,0
điện thoại VV Y.11 Ram 6/126GB Pin khủng 5000 mAh,Điện thoại,Hybrid-SBERT,no,0,Điện thoại Vivo Y11 6GB/128GB nguyên zin đẹp keng BH 12 tháng,Điện thoại,vivo,0.784,4.8,23,0.55,0
điện thoại VV Y.11 Ram 6/126GB Pin khủng 5000 mAh,Điện thoại,Hybrid-PhoBERT,no,0,Điện thoại oppo neo5 _a31. Điện thoại gia rẻ HÀNG CHÍNH HÃNG đã qua sử dụng,Điện thoại,oppo,0.9297,4.88,202,0.55,0
điện thoại VV Y.11 Ram 6/126GB Pin khủng 5000 mAh,Điện thoại,Hybrid-PhoBERT,no,0,Điện thoại Xiaomi Mi 11 Lite 5G Rom Quốc tế tiếng Việt - Snapdragon 780G ram 8G 128G MSMS,Điện thoại,xiaomi,0.9239,4.74,93,0.45,0
điện thoại VV Y.11 Ram 6/126GB Pin khủng 5000 mAh,Điện thoại,Hybrid-PhoBERT,no,0,Điện thoại di động HTC Wildfire E3 lite (4GB/64GB) - Chính hãng,Điện thoại,other,0.9228,4.71,74,0.55,0
điện thoại VV Y.11 Ram 6/126GB Pin khủng 5000 mAh,Điện thoại,Hybrid-PhoBERT,no,0,điện thoại V.V Y.93 Ram 6/128GB 2sim Pin trâu 4030 mAh,Điện thoại,vivo,0.913,5.0,26,0.5,0
điện thoại VV Y.11 Ram 6/126GB Pin khủng 5000 mAh,Điện thoại,Hybrid-PhoBERT,no,0,"Điện thoại s.s A10 máy 2sim ram 2G/32G Chính Hãng, bảo hành 12 tháng tặng kèo sạc ốp",Điện thoại,other,0.8884,5.0,35,0.65,0
Laptop mini Lenovo Miix 320 310 210 D330 D335 window 10 lai máy tính bảng ổ cứng SSD màn hình cảm ứng cực mượt,Máy tính laptop,TF-IDF,no,0,[Trả góp 0%]Dell Latitide E6430 Core i7 2620M 8G SSD 128GB 14inch GIÁ RẺ,Khác,other,0.2283,5.0,11,0.55,0
Laptop mini Lenovo Miix 320 310 210 D330 D335 window 10 lai máy tính bảng ổ cứng SSD màn hình cảm ứng cực mượt,Máy tính laptop,TF-IDF,no,0,"Máy tính bảng Fujitsu Arrows Tab Q738 Core i5-8350U, 8gb ram, 256gb SSD, 13.3” Full HD IPS cảm ứng đa điểm",Máy tính laptop,other,0.2274,5.0,41,0.5,0
Laptop mini Lenovo Miix 320 310 210 D330 D335 window 10 lai máy tính bảng ổ cứng SSD màn hình cảm ứng cực mượt,Máy tính laptop,TF-IDF,no,0,"Laptop 2020/mới 95-96% Dell Latitude 5300 i5 8265U vPro/ 8GB/ 256GB SSD/ 13.3"" / Win 10Pro/ Pin3-5h",Máy tính laptop,other,0.2229,4.94,114,0.55,0
Laptop mini Lenovo Miix 320 310 210 D330 D335 window 10 lai máy tính bảng ổ cứng SSD màn hình cảm ứng cực mượt,Máy tính laptop,TF-IDF,no,0,"Máy tính bảng Fujitsu Q508 Atom X7-z8750, 4gb ram, 128gb SSD, 10.1” Full HD cảm ứng",Máy tính laptop,other,0.2226,5.0,53,0.55,0
Laptop mini Lenovo Miix 320 310 210 D330 D335 window 10 lai máy tính bảng ổ cứng SSD màn hình cảm ứng cực mượt,Máy tính laptop,TF-IDF,no,0,IDEA-CASE | Máy Tính Bảng 2 Trong 1 H3 Windows 10 Màn Hình 8 Inch,Ốp lưng & Bao da,other,0.2209,5.0,0,0.55,0
Laptop mini Lenovo Miix 320 310 210 D330 D335 window 10 lai máy tính bảng ổ cứng SSD màn hình cảm ứng cực mượt,Máy tính laptop,SBERT,no,0,Laptop cũ giá rẻ core i3 i5 ram 4gb 8gb,Máy tính laptop,other,0.8399,5.0,0,0.5,0
Laptop mini Lenovo Miix 320 310 210 D330 D335 window 10 lai máy tính bảng ổ cứng SSD màn hình cảm ứng cực mượt,Máy tính laptop,SBERT,no,0,"Laptop HP 830g5, core i5 gen 8, ram 8gb, ssd 256gb, màn hình 13.3 inch fhd",Máy tính laptop,other,0.8236,5.0,0,0.5,0
Laptop mini Lenovo Miix 320 310 210 D330 D335 window 10 lai máy tính bảng ổ cứng SSD màn hình cảm ứng cực mượt,Máy tính laptop,SBERT,no,0,Laptop văn phòng chiến game nhẹ tốt giá rẻ đời cao,Máy tính laptop,other,0.8227,2.0,0,0.4,0
Laptop mini Lenovo Miix 320 310 210 D330 D335 window 10 lai máy tính bảng ổ cứng SSD màn hình cảm ứng cực mượt,Máy tính laptop,SBERT,no,0,"Laptop Dell Latitude 7390, E7390 màn hình 13.3 Full HD cảm ứng cao cấp, Core i7, Ram 8gb, ổ cứng SSD 256gb, laptop siêu lướt cao cấp zin 99%",Máy tính laptop,other,0.816,5.0,5,0.5,0
Laptop mini Lenovo Miix 320 310 210 D330 D335 window 10 lai máy tính bảng ổ cứng SSD màn hình cảm ứng cực mượt,Máy tính laptop,SBERT,no,0,"Laptop HP Elipbook 8570P Core i7-3540M, 16gb Ram, 256gb SSD, 15.6inch Full HD vỏ nhôm siêu bền",Máy tính laptop,other,0.8119,4.5,5,0.5,0
Laptop mini Lenovo Miix 320 310 210 D330 D335 window 10 lai máy tính bảng ổ cứng SSD màn hình cảm ứng cực mượt,Máy tính laptop,PhoBERT,no,0,Laptop 15.6 inch HP Probook 450 G5 - Intel Core i5-7200U Ram 8gb SSD 256 Pin>4h,Máy tính laptop,other,0.9491,5.0,35,0.5,0
Laptop mini Lenovo Miix 320 310 210 D330 D335 window 10 lai máy tính bảng ổ cứng SSD màn hình cảm ứng cực mượt,Máy tính laptop,PhoBERT,no,0,Laptop HP 4730S i5/HDD1000G/8G Hàng Nhập Khẩu Japan Giá sinh viên full box sự lựa chọn thông minh,Máy tính laptop,other,0.9451,5.0,0,0.5,0
Laptop mini Lenovo Miix 320 310 210 D330 D335 window 10 lai máy tính bảng ổ cứng SSD màn hình cảm ứng cực mượt,Máy tính laptop,PhoBERT,no,0,[Trả góp 0%]Dell Latitide E6430 Core i7 2620M 8G SSD 128GB 14inch GIÁ RẺ,Khác,other,0.9446,5.0,11,0.55,0
Laptop mini Lenovo Miix 320 310 210 D330 D335 window 10 lai máy tính bảng ổ cứng SSD màn hình cảm ứng cực mượt,Máy tính laptop,PhoBERT,no,0,"Laptop Nec VersaPro VK17 Core i7-4500U, 4gb Ram, 128gb SSD 13.3inch 2K HD IPS vỏ nhôm magie siêu mỏng nhẹ 800gram",Máy tính laptop,other,0.9428,4.5,16,0.55,0
Laptop mini Lenovo Miix 320 310 210 D330 D335 window 10 lai máy tính bảng ổ cứng SSD màn hình cảm ứng cực mượt,Máy tính laptop,PhoBERT,no,0,"Laptop nhập khẩu mỹ Asus B53E Core i5, ram 6GB, 256GB SSD, cấu hình cao chơi game ổn",Máy tính laptop,other,0.9402,5.0,0,0.5,0
Laptop mini Lenovo Miix 320 310 210 D330 D335 window 10 lai máy tính bảng ổ cứng SSD màn hình cảm ứng cực mượt,Máy tính laptop,Hybrid-SBERT,no,0,Laptop cũ giá rẻ core i3 i5 ram 4gb 8gb,Máy tính laptop,other,0.932,5.0,0,0.5,0
Laptop mini Lenovo Miix 320 310 210 D330 D335 window 10 lai máy tính bảng ổ cứng SSD màn hình cảm ứng cực mượt,Máy tính laptop,Hybrid-SBERT,no,0,"Máy tính bảng Fujitsu Q508 Atom X7-z8750, 4gb ram, 128gb SSD, 10.1” Full HD cảm ứng",Máy tính laptop,other,0.8896,5.0,53,0.55,0
Laptop mini Lenovo Miix 320 310 210 D330 D335 window 10 lai máy tính bảng ổ cứng SSD màn hình cảm ứng cực mượt,Máy tính laptop,Hybrid-SBERT,no,0,"Laptop Nec VersaPro VK17 Core i7-4500U, 4gb Ram, 128gb SSD 13.3inch 2K HD IPS vỏ nhôm magie siêu mỏng nhẹ 800gram",Máy tính laptop,other,0.8752,4.5,16,0.55,0
Laptop mini Lenovo Miix 320 310 210 D330 D335 window 10 lai máy tính bảng ổ cứng SSD màn hình cảm ứng cực mượt,Máy tính laptop,Hybrid-SBERT,no,0,Laptop văn phòng chiến game nhẹ tốt giá rẻ đời cao,Máy tính laptop,other,0.8348,2.0,0,0.4,0
Laptop mini Lenovo Miix 320 310 210 D330 D335 window 10 lai máy tính bảng ổ cứng SSD màn hình cảm ứng cực mượt,Máy tính laptop,Hybrid-SBERT,no,0,"Máy tính xách tay Lenovo Thinkpad E15 G2 Core i7-1165G7, 16gb ram, 512gb SSD, màn 15.6” Full HD vỏ nhôm cao cấp hàng nhập Nhật Bản",Máy tính laptop,lenovo,0.8219,5.0,0,0.5,0
Laptop mini Lenovo Miix 320 310 210 D330 D335 window 10 lai máy tính bảng ổ cứng SSD màn hình cảm ứng cực mượt,Máy tính laptop,Hybrid-PhoBERT,no,0,[Trả góp 0%]Dell Latitide E6430 Core i7 2620M 8G SSD 128GB 14inch GIÁ RẺ,Khác,other,0.9675,5.0,11,0.55,0
Laptop mini Lenovo Miix 320 310 210 D330 D335 window 10 lai máy tính bảng ổ cứng SSD màn hình cảm ứng cực mượt,Máy tính laptop,Hybrid-PhoBERT,no,0,"Laptop Nec VersaPro VK17 Core i7-4500U, 4gb Ram, 128gb SSD 13.3inch 2K HD IPS vỏ nhôm magie siêu mỏng nhẹ 800gram",Máy tính laptop,other,0.8896,4.5,16,0.55,0
Laptop mini Lenovo Miix 320 310 210 D330 D335 window 10 lai máy tính bảng ổ cứng SSD màn hình cảm ứng cực mượt,Máy tính laptop,Hybrid-PhoBERT,no,0,Laptop 15.6 inch HP Probook 450 G5 - Intel Core i5-7200U Ram 8gb SSD 256 Pin>4h,Máy tính laptop,other,0.8846,5.0,35,0.5,0
Laptop mini Lenovo Miix 320 310 210 D330 D335 window 10 lai máy tính bảng ổ cứng SSD màn hình cảm ứng cực mượt,Máy tính laptop,Hybrid-PhoBERT,no,0,"Máy tính bảng Fujitsu Q508 Atom X7-z8750, 4gb ram, 128gb SSD, 10.1” Full HD cảm ứng",Máy tính laptop,other,0.8836,5.0,53,0.55,0
Laptop mini Lenovo Miix 320 310 210 D330 D335 window 10 lai máy tính bảng ổ cứng SSD màn hình cảm ứng cực mượt,Máy tính laptop,Hybrid-PhoBERT,no,0,"Laptop 2 trong 1 Fujitsu Q665 Core M-5Y31, 4gb ram, 128gb SSD, 11.6” Full HD cảm ứng nhập khẩu nhật bản",Máy tính laptop,other,0.8416,4.67,16,0.5,0
điện thoại sony xperia 1 mark II 2 sim snap 865 ram 8gb 128gb 6.5 inch,Điện thoại,TF-IDF,no,0,[MỚI] Điện thoại vivo Y19s (8GB+128GB) - 1 Đổi 1 trong tháng đầu tiên - Bảo hành chính hãng 12 tháng,Điện thoại,vivo,0.2382,5.0,0,0.7,1
điện thoại sony xperia 1 mark II 2 sim snap 865 ram 8gb 128gb 6.5 inch,Điện thoại,TF-IDF,no,0,Apple iPhone 16 128GB - Chính Hãng (VN/A),Điện thoại,apple,0.2357,5.0,0,0.7,1
điện thoại sony xperia 1 mark II 2 sim snap 865 ram 8gb 128gb 6.5 inch,Điện thoại,TF-IDF,no,0,điện thoại V.V Y.93 Ram 6/128GB 2sim Pin trâu 4030 mAh,Điện thoại,vivo,0.2289,5.0,26,0.5,0
điện thoại sony xperia 1 mark II 2 sim snap 865 ram 8gb 128gb 6.5 inch,Điện thoại,TF-IDF,no,0,Apple iPhone 16 Plus 128GB - Chính Hãng (VN/A),Điện thoại,apple,0.2286,5.0,0,0.7,1
điện thoại sony xperia 1 mark II 2 sim snap 865 ram 8gb 128gb 6.5 inch,Điện thoại,TF-IDF,no,0,Apple iPhone 16 Pro 128GB - Chính Hãng (VN/A),Điện thoại,apple,0.2254,5.0,0,0.7,1
điện thoại sony xperia 1 mark II 2 sim snap 865 ram 8gb 128gb 6.5 inch,Điện thoại,SBERT,no,0,điện thoại V.V Y.93 Ram 6/128GB 2sim Pin trâu 4030 mAh,Điện thoại,vivo,0.8562,5.0,26,0.5,0
điện thoại sony xperia 1 mark II 2 sim snap 865 ram 8gb 128gb 6.5 inch,Điện thoại,SBERT,no,0,điện thoại VV Y.11 Ram 6/126GB Pin khủng 5000 mAh,Điện thoại,vivo,0.8488,5.0,69,0.55,0
điện thoại sony xperia 1 mark II 2 sim snap 865 ram 8gb 128gb 6.5 inch,Điện thoại,SBERT,no,0,[HCM]Điện thoại LG G7 thinq cpu snap 845 ram 4gb bộ nhớ 64gb,Điện thoại,other,0.8306,4.75,0,0.55,0
điện thoại sony xperia 1 mark II 2 sim snap 865 ram 8gb 128gb 6.5 inch,Điện thoại,SBERT,no,0,UODEGA Tap P70 Tablet với màn hình 12 inch Android13 Full HD Hỗ trợ SIM kép Dung lượng cực lớn 16GB+1TB 15000mAh COD Ultra High Camera 48PM Máy tính bảng đa chức năng 🔥 Mua 1 tặng 6 🔥,Máy tính bảng,other,0.8062,5.0,51,0.5,0
điện thoại sony xperia 1 mark II 2 sim snap 865 ram 8gb 128gb 6.5 inch,Điện thoại,SBERT,no,0,Máy tính bảng Samsung tab T295 Ram 2GB bộ nhớ 32GB Android 11 sim 4G máy đẹp 99,Máy tính bảng,samsung,0.8059,5.0,33,0.5,0
điện thoại sony xperia 1 mark II 2 sim snap 865 ram 8gb 128gb 6.5 inch,Điện thoại,PhoBERT,no,0,điện thoại V.V Y.93 Ram 6/128GB 2sim Pin trâu 4030 mAh,Điện thoại,vivo,0.9564,5.0,26,0.5,0
điện thoại sony xperia 1 mark II 2 sim snap 865 ram 8gb 128gb 6.5 inch,Điện thoại,PhoBERT,no,0,"Điện thoại Vivo S1 2sim ram 8G rom 256G Zin đẹp, Cảm biến vân tay trên màn hình",Điện thoại,vivo,0.9521,5.0,0,0.5,0
điện thoại sony xperia 1 mark II 2 sim snap 865 ram 8gb 128gb 6.5 inch,Điện thoại,PhoBERT,no,0,Điện thoại Smartphone ZTE A35 Sieu Re RAM 4GB ROM 64GB -4G - MH 6.75inch- Pin 5000mAh,Điện thoại,other,0.9489,5.0,18,0.5,0
điện thoại sony xperia 1 mark II 2 sim snap 865 ram 8gb 128gb 6.5 inch,Điện thoại,PhoBERT,no,0,[HCM]Điện thoại LG G7 thinq cpu snap 845 ram 4gb bộ nhớ 64gb,Điện thoại,other,0.9475,4.75,0,0.55,0
điện thoại sony xperia 1 mark II 2 sim snap 865 ram 8gb 128gb 6.5 inch,Điện thoại,PhoBERT,no,0,New i17 Pro Max điện thoại thông minh 6.9inch HD đt Đài FM 16G/1TB điện thoại rẻ cho học sinh 4G/5G,Điện thoại,other,0.947,5.0,0,0.5,0
điện thoại sony xperia 1 mark II 2 sim snap 865 ram 8gb 128gb 6.5 inch,Điện thoại,Hybrid-SBERT,no,0,điện thoại V.V Y.93 Ram 6/128GB 2sim Pin trâu 4030 mAh,Điện thoại,vivo,0.9675,5.0,26,0.5,0
điện thoại sony xperia 1 mark II 2 sim snap 865 ram 8gb 128gb 6.5 inch,Điện thoại,Hybrid-SBERT,no,0,[HCM]Điện thoại LG G7 thinq cpu snap 845 ram 4gb bộ nhớ 64gb,Điện thoại,other,0.8393,4.75,0,0.55,0
điện thoại sony xperia 1 mark II 2 sim snap 865 ram 8gb 128gb 6.5 inch,Điện thoại,Hybrid-SBERT,no,0,Máy tính bảng Samsung tab T295 Ram 2GB bộ nhớ 32GB Android 11 sim 4G máy đẹp 99,Máy tính bảng,samsung,0.7874,5.0,33,0.5,0
điện thoại sony xperia 1 mark II 2 sim snap 865 ram 8gb 128gb 6.5 inch,Điện thoại,Hybrid-SBERT,no,0,Điện thoại Vi.v0_Y19s 8GB/128GB Hàng Chính hãng Mới 100%,Điện thoại,vivo,0.7704,5.0,0,0.5,0
điện thoại sony xperia 1 mark II 2 sim snap 865 ram 8gb 128gb 6.5 inch,Điện thoại,Hybrid-SBERT,no,0,"(Chính Hãng)điện thoại Samsung Galaxy A50s 2sim ram 4G/64G, Màn hình: 6.4""Full HD+, Cày Game siêu mượt ,BẢO HÀNH 12 THÁNG",Điện thoại,samsung,0.7678,5.0,52,0.5,0
điện thoại sony xperia 1 mark II 2 sim snap 865 ram 8gb 128gb 6.5 inch,Điện thoại,Hybrid-PhoBERT,no,0,điện thoại V.V Y.93 Ram 6/128GB 2sim Pin trâu 4030 mAh,Điện thoại,vivo,0.9675,5.0,26,0.5,0
điện thoại sony xperia 1 mark II 2 sim snap 865 ram 8gb 128gb 6.5 inch,Điện thoại,Hybrid-PhoBERT,no,0,Điện thoại Siêu Phẩm Pin Khủng Điện thoại Oukitel WP28S pin 10600,Điện thoại,other,0.8744,5.0,0,0.5,0
điện thoại sony xperia 1 mark II 2 sim snap 865 ram 8gb 128gb 6.5 inch,Điện thoại,Hybrid-PhoBERT,no,0,[HCM]Điện thoại LG G7 thinq cpu snap 845 ram 4gb bộ nhớ 64gb,Điện thoại,other,0.8317,4.75,0,0.55,0
điện thoại sony xperia 1 mark II 2 sim snap 865 ram 8gb 128gb 6.5 inch,Điện thoại,Hybrid-PhoBERT,no,0,"Điện thoại Vivo S1 2sim ram 8G rom 256G Zin đẹp, Cảm biến vân tay trên màn hình",Điện thoại,vivo,0.8216,5.0,0,0.5,0
điện thoại sony xperia 1 mark II 2 sim snap 865 ram 8gb 128gb 6.5 inch,Điện thoại,Hybrid-PhoBERT,no,0,"điện thoại 4G Samsung Galaxy S9 Plus ram 6G/64G Chính Hãng, Chiến Game mượt, Chụp ảnh siêu đẹp - CMSS",Điện thoại,samsung,0.7632,5.0,37,0.5,0
,,TF-IDF,no,0,Củ sạc Samsung Charger 45W type C,Thiết bị sạc,samsung,0.0,4.9,1500,0.8,1
,,TF-IDF,no,0,Apple iPhone Air 256GB Chính hãng,Điện thoại,apple,0.0,5.0,54,0.7,1
,,TF-IDF,no,0,Apple iPhone 17 Pro 512GB Chính hãng,Điện thoại,apple,0.0,5.0,10,0.7,1
,,TF-IDF,no,0,Apple iPhone 17 Pro Max 512GB Chính hãng,Điện thoại,apple,0.0,5.0,50,0.7,1
,,TF-IDF,no,0,Apple iPhone AIR - Chính Hãng (VN/A),Điện thoại,apple,0.0,5.0,0,0.7,1
,,SBERT,no,0,MÁY TÍNH BẢNG TÍCH HỢP ĐIỆN THOẠI NEW FULL BOX GIÁ RẺ DÀNH CHO HỌC SINH SINH VIÊN NGƯỜI LỚN TUỔI,Điện thoại,other,0.2964,5.0,0,0.5,0
,,SBERT,no,0,Điện thoại giá học sinh Bộ nhớ 16+1TB dt gia rẻ Camera 72+48MP điện thoại tồn kho Cấu Hình Mạnh Đỉnh New Arrival Chính Hãng đt giá rẻ cho học sinh,Điện thoại,other,0.2896,5.0,0,0.5,0
,,SBERT,no,0,ĐIỆN THOẠI GIÁ RẺ 7. PIUS Q. TẾ FULL CHỨC NĂNG CÒN ĐẸP TẶNG KÈM PHỤ KIỆN,Điện thoại,other,0.2865,5.0,0,0.5,0
,,SBERT,no,0,2023 điện thoại CHÍNH HÃNG Galaxy S23 Ultra Bộ nhớ MỚI Sẵn Tiếng Việt chơi LIÊN QUÂN-PUBG-FREE FIRE ngon lành Học Online đỉnh 12+512GB,Điện thoại,samsung,0.2806,5.0,20,0.5,0
,,SBERT,no,0,ĐIỆN THOẠI GIÁ RẺ 6G QUỐC TẾ FULL CHỨC NĂNG CÒN ĐẸP TẶNG KÈM PHỤ KIỆN,Điện thoại,other,0.2659,5.0,0,0.55,0
,,PhoBERT,no,0,Xiaomi Focus Pen Pro,Bút cảm ứng,xiaomi,0.3493,5.0,5,0.8,1
,,PhoBERT,no,0,Tai Nghe Apple EarPods Cổng Lightning (MMTN2) - Hàng Chính Hãng ZA/A,Tai nghe,apple,0.3475,4.91,6000,1.0,1
,,PhoBERT,no,0,[CN Version]Miui | Xiaomi 17 Pro Điện Thoại Chơi Game,Điện thoại,xiaomi,0.3448,4.83,0,0.55,0
,,PhoBERT,no,0,Sạc dự phòng Xiaomi UltraThin Magnetic Power Bank 5000 15W,Thiết bị sạc,xiaomi,0.34,4.92,130,0.8,1
,,PhoBERT,no,0,Bút cảm ứng Apple Pencil (USB-C) - Hàng chính hãng ZP/A,Bút cảm ứng,apple,0.3383,4.67,249,0.85,1
,,Hybrid-SBERT,no,0,"ĐIỆN THOẠI 6SPL LƯỚT WEB, XEM PHIM, CHƠI GAME BẢO HÀNH 12 THÁNG",Điện thoại,other,0.832,5.0,0,0.5,0
,,Hybrid-SBERT,no,0,ĐIỆN THOẠI GIÁ RẺ 6G QUỐC TẾ FULL CHỨC NĂNG CÒN ĐẸP TẶNG KÈM PHỤ KIỆN,Điện thoại,other,0.7386,5.0,0,0.55,0
,,Hybrid-SBERT,no,0,dt giá rẻ đánh mọi gaming nặng chất điện thoại Hỗ trợ 4G/5G đt rẻ Màn hình AMOLED điện thoại việt nam Hỗ trợ kiểm tra hàng hóa Giao hàng nhận tiền,Điện thoại,other,0.5992,5.0,0,0.5,0
,,Hybrid-SBERT,no,0,Điện thoại Samsung note 8 / đọc mô tả bên dưới,Điện thoại,samsung,0.5982,5.0,0,0.5,0
,,Hybrid-SBERT,no,0,Điện thoại Forme D111 4G Chính hãng Bán chạy,Điện thoại,other,0.5624,5.0,0,0.5,0
,,Hybrid-PhoBERT,no,0,[CN Version]Miui | Xiaomi 17 Pro Điện Thoại Chơi Game,Điện thoại,xiaomi,0.7138,4.83,0,0.55,0
,,Hybrid-PhoBERT,no,0,"ĐIỆN THOẠI 6SPL LƯỚT WEB, XEM PHIM, CHƠI GAME BẢO HÀNH 12 THÁNG",Điện thoại,other,0.6702,5.0,0,0.5,0
,,Hybrid-PhoBERT,no,0,ĐIỆN THOẠI GIÁ RẺ 6G QUỐC TẾ FULL CHỨC NĂNG CÒN ĐẸP TẶNG KÈM PHỤ KIỆN,Điện thoại,other,0.6004,5.0,0,0.55,0
,,Hybrid-PhoBERT,no,0,Bút cảm ứng Apple Pencil (USB-C) - Hàng chính hãng ZP/A,Bút cảm ứng,apple,0.5992,4.67,249,0.85,1
,,Hybrid-PhoBERT,no,0,[Trả góp 0%] Điện Thoại Apple iPhone 13 Chính hãng VN/A [Viettel Store],Điện thoại,apple,0.5914,5.0,565,0.75,1
